id,Title,Country-City,url,Phone,Email,Website,Instagram,Linkedin,WhatsApp,Facebook,YouTube,Telegram,Vkontakte,Twitter,Viber
1,A.KORZILIUS INTERBAU,Germany - Ransbach-Baumbach,https://reg.iteca.kz/list/en/detailsfull.aspx?link=0x0c0472460617d34a85280187ecded518,+49 (0)2623 - 896 0,info@interbau-blink.de,www.interbau-blink.de,https://www.instagram.com/interbau_blink/,https://www.linkedin.com/company/interbau-blink/,,,,,,,
2,ABSOLUT DECK,Russia - Ufa,https://reg.iteca.kz/list/en/detailsfull.aspx?link=0x8160e9aa7a0cc79311ee2f4fdc96673c,7(347)274-22-74,absolut-deck@yandex.ru,www.absolut-deck.ru,absolutdeck_ufa,,,,,,,,
3,ABSOLUTE DEFENCE DISTRIBUTION,Kazakhstan - Pavlodar,https://reg.iteca.kz/list/en/detailsfull.aspx?link=0x8160e9aa7a0cc79311ee2c78aa770664,+7 7182 74 20 32,sales@adding.kz,www.adding.kz,https://www.instagram.com/adding.kz/,,+7 707 481 0867,,,,,,
4,ACERO BUILDING SYSTEMS,United Arab Emirates - Dubai,https://reg.iteca.kz/list/en/detailsfull.aspx?link=0x32c3d79d674fe7419f1672f614bf8624,+97148931000,marketing@acero.ae,acero.ae,,https://www.linkedin.com/company/acero-building-systems/mycompany/,,https://www.facebook.com/profile.php?id=100086609227894,https://www.youtube.com/@acerobuildingsystems7602,,,,
5,AGAMA-STROI LLC,Russia - pgt. Privolzhskiy,https://reg.iteca.kz/list/en/detailsfull.aspx?link=0x861b87e57411594e9143346dba9c797f,+7-987-271-99-83,agama-s@yandex.ru,www.agama-stroi.ru,,,,,,,,,
6,AGRAN,Kazakhstan - Uralsk,https://reg.iteca.kz/list/en/detailsfull.aspx?link=0x81b0e1ea19133b4cb0e7f646b5e66178,+ 7 (7112) 93 33 00,info@agran.kz,agran.kz,@agran.kz,,,,,,,,
7,AGROSTROI,Russia - Novosibirsk,https://reg.iteca.kz/list/en/detailsfull.aspx?link=0x413f7577b484744387710b5edbf2a859,+7-952-939-00-89,79529390089@mail.ru,agrostroi54.ru,,,,,,https://t.me/forcemetall54,VK: https://vk.com/forcemetall,,
8,AKFA GROUP OF COMPANIES,Kazakhstan - Almaty,https://reg.iteca.kz/list/en/detailsfull.aspx?link=0x1c03d774da8852429bb3b07cbfe938d3,+77024829933,Aziz.Abdusattarov@akfagroup.com,www.akfagroup.com,@akfa_kz,AKFA,,AKFA Kazakhstan,AKFA Group,@AKFAGROUP_Official,,,
9,AKS,Kazakhstan - Almaty,https://reg.iteca.kz/list/en/detailsfull.aspx?link=0x8162bd396bc9787911ee422509fb900d,+77013015078,info@aks.kz,aks.kz,aks_okna,,+7 701 301 5078,,АКС Казахстан,,,,
10,ALUMINSTROY,Russia - Moscow,https://reg.iteca.kz/list/en/detailsfull.aspx?link=0x3de613e07c6473468b7545aeeb0cc947,+7 (495) 212-9221,info@aluminstroy.ru,www.aluminstroy.ru,,,,,https://www.youtube.com/@aluminstroy_ru,https://t.me/aluminstroy,VK: https://vk.com/aluminstroy_ru,,
11,ANHUI AFULISE CONSTRUCTION TECHNOLOGY CO.,China - Anhui,https://reg.iteca.kz/list/en/detailsfull.aspx?link=0x07f5ea92a3f86b4bbe995bcd0459334f,86-18655467097,robin@afulise.com,www.afulise.com,,,,,,,,,
12,ANHUI YUDA TOOLS CO.,China - Anhui,https://reg.iteca.kz/list/en/detailsfull.aspx?link=0x2df114a83985c846af58acec1b2c4f3f,86-556-6020085,1093518711@qq.com,www.ahyuda.com,,,,,,,,,
13,ANJI ZHENGYUAN WPC DECORATION MATERIAL CO.,China - Huzhou,https://reg.iteca.kz/list/en/detailsfull.aspx?link=0x0402b60bf708ce4095c9f3a0d3852929,0086-572-5300598,thomas@zjwpc.com,www.zjwpc.com,,,,,,,,,
14,ANMOPYC,Spain,https://reg.iteca.kz/list/en/detailsfull.aspx?link=0xb6e3d9b8ce77aa42935ec3c668a3d519,,,,,,,,,,,,
15,ANNC CONSTRUCTION,Kazakhstan - Astana,https://reg.iteca.kz/list/en/detailsfull.aspx?link=0x815fd72d4048f5ef11ee213cab6832f3,+7-775-567-15-56,info@annc.kz,annc.kz,https://www.instagram.com/annckz/?igshid=YmMyMTA2M2Y%3D,,+7-701-012-63-55,,,,,,
16,AQUAGAS PLASTIC INDUSTRIES,United Arab Emirates - Dubai,https://reg.iteca.kz/list/en/detailsfull.aspx?link=0x8ffd63596dab314483645ad0076eb791,+97148829588,export@aquagasdxb.com,www.aquagasplastics.com,,https://www.linkedin.com/company/aquagasplasticindustries,00971544451383,,,,,,
17,ARBOR NOVA,"Russia - Siversky, Gatchina district, Leningrad region",https://reg.iteca.kz/list/en/detailsfull.aspx?link=0x24894e5341535c40a86d16ab87156a9c,+7 911 0001340,info@arbor-nova.ru,www.arbor-nova.ru,https://www.instagram.com/arbor_nova/,,,,,,VK: https://vk.com/arbor_nova,,
18,ARSI GROUP,Kazakhstan - Almaty,https://reg.iteca.kz/list/en/detailsfull.aspx?link=0x79b91d3caca9434b8e63da9f7ff84336,+7 727 327 63 17,info@arsi.kz,arsi.kz,https://www.instagram.com/arsi_group/,,,,,,,,
19,ART ROOFS,Germany,https://reg.iteca.kz/list/en/detailsfull.aspx?link=0x46c254b8dbb37e45a3d316d3e3692a8d,,,,,,,,,,,,
20,ARVEN SHADING SYSTEMS,Turkey - Nevsehir,https://reg.iteca.kz/list/en/detailsfull.aspx?link=0x9c8a4271858b5a478eb62e2f47df2377,00905359707171,bilgi@arvenaydinlatma.com.tr,www.arvenaydinlatma.com.tr,https://instagram.com/arven_aydinlatma?utm_source=qr&igshid=MzNlNGNkZWQ4Mg%3D%3D,,00905359707171,https://www.facebook.com/profile.php?id=100074413691852&mibextid=ZbWKwL,,,,,
21,ASG,Kazakhstan - Aktobe,https://reg.iteca.kz/list/en/detailsfull.aspx?link=0xa60c75655bb06c49ad4bfee5df06ad7a,+7 747 808 00 00,asg2000@asg.kz,www.asg.kz,asg.qz,,+7 701 304 77 58,,,,,,
22,ASIA CUANON,China - Urumqi,https://reg.iteca.kz/list/en/detailsfull.aspx?link=0x0a5d30e560880c49add783af7afa1933,0086+0991+3817875,xhong@cuanon.com,www.cuanon.com,,,,,,,,,
23,ASPAN PROF,Kazakhstan,https://reg.iteca.kz/list/en/detailsfull.aspx?link=0x8162bd396bc9787911ee3b70f3b3b38a,,,,,,,,,,,,
24,ATMIA MADE IN AZERBAIJAN,Azerbaijan - Abseron,https://reg.iteca.kz/list/en/detailsfull.aspx?link=0x0631110f4dbbe54e9701c577d539bf70,"+994 12 404 14 34, +994 50 232 07 81",SSari@matanata.az,atmia.az / matanata.az,,,,,,,,,
25,"AUTONOMOUS NON-COMMERCIAL ORGANISATION ""THE EXPORT SUPPORT CENTER OF THE REPUBLIC OF BASHKORTOSTAN""",Russia - Ufa,https://reg.iteca.kz/list/en/detailsfull.aspx?link=0xc4f81d05593e934f99318bffbd4be8d1,+7 (347)246-68-16,devyatkina.ov@bashkortostan.ru,,,,,,,,,,
26,AVANGARD,Kazakhstan,https://reg.iteca.kz/list/en/detailsfull.aspx?link=0x8162bd396bc9787911ee422509fb900b,,,,,,,,,,,,
27,AVERS,Kazakhstan - Astana,https://reg.iteca.kz/list/en/detailsfull.aspx?link=0x88445e50ca9fd045baa2c38800db41ad,+7 7172 768 000,info@avers.kz,avers.kz,avers_a,,+7 701 911 0070,aversastana,,,,,
28,AZAG,Kazakhstan - Almaty,https://reg.iteca.kz/list/en/detailsfull.aspx?link=0x5ae67f58a5b3fb4689c8f867adb66d7d,+77760001782,bdm@azag.kz,"azag.kz, mbi.kz, azagtools.kz",https://instagram.com/azag.kz?igshid=MzRlODBiNWFlZA==,,https://wa.me/77717181860,,https://youtube.com/@gasblock01,,,,
29,GANZHOU AMER IMPORT&EXPORT CO.,China - Ganzhou,https://reg.iteca.kz/list/en/detailsfull.aspx?link=0x758095dc84e8a04cb8c796450711e194,86-0797-8175268,249826114@qq.com,www.amerdecor.com,,,0086 15157424927,,,,,,
30,TRADING COMPANY ALLIANCE,Russia - Perm,https://reg.iteca.kz/list/en/detailsfull.aspx?link=0x74c170d74aff12469595d05c92de1ae0,8(342)2009697,"politecomdir@outlook.com, info@super-top.su",www.super-top.su,,,,,,,,,
31,BASTAU ALMATY,Kazakhstan - Almaty,https://reg.iteca.kz/list/en/detailsfull.aspx?link=0x8162bd396bc9787911ee3b70f3b3b38b,+7-701-201-22-88,sales@smartprof.kz,smartprof.kz,@smartprof.kz,,+7-701-201-22-88,,https://www.youtube.com/channel/UCNxGb-jKqJR42bpb01xB5Kw,,,,
32,BAUER MASCHINEN GMBH,Germany - Schrobenhausen,https://reg.iteca.kz/list/en/detailsfull.aspx?link=0x56211602423e6e42847d00446f755888,+49 8252 97-0,wladislaw.kiselev@bauer.de,bma.bauer.de,,https://www.linkedin.com/company/bauer-group-/?viewAsMember=true,,https://www.facebook.com/BauerAGgroup,https://www.youtube.com/channel/UCDspCJHwokVnlFWfIyAC39A,,,,
33,BAUNER,Kazakhstan - Astana,https://reg.iteca.kz/list/en/detailsfull.aspx?link=0xdf52ff6c9acda14fb3beb368b6490ffd,+7172549371,ast.bauner@yandex.kz,,,,+77477083447,,,,,,
34,BBTRADE,Kyrgyzstan - Bishkek,https://reg.iteca.kz/list/en/detailsfull.aspx?link=0xd412241e77ac3a4392e3674ad75e97be,+996995939939,info@bbtsale.com,hexagoncomposites.ru,hexagon_ragasco_cis,,+996(995) 939 939,Hexagon Ragasco KGZ,Hexagon Ragasco,Hexagon Ragasco СНГ,,,
35,BELYI DOM AND SNIEZKA,Kazakhstan - Almaty,https://reg.iteca.kz/list/en/detailsfull.aspx?link=0x815fd72d4048f5ef11ee21fc385fe590,"+7-727-253-05-03, 253-05-64, 253-04-70, 253-03-23",a22n@mail.ru,bdkz.kz,,,,,,,,,
36,BERLOGA LLC,Russia - Yoshkar-Ola,https://reg.iteca.kz/list/en/detailsfull.aspx?link=0x99c422edec6f2d4194f048011410864c,+7-917-070-21-01,tokanina.v@dveriargus.ru,dveriargus.ru,,,,,,,,,
37,BERSERKER GROUP,Russia,https://reg.iteca.kz/list/en/detailsfull.aspx?link=0x8162bd396bc9787911ee3b768a2d0fe7,,,,,,,,,,,,
38,BESTTONY GROUP,Kazakhstan - Astana,https://reg.iteca.kz/list/en/detailsfull.aspx?link=0xc3f89cfee7f5c8498c8085062202c311,+77761977924,sales@besttony.kz,besttony.kz,,,,,,,,,
39,BIANCHI CASSEFORME SRL,Italy - Fornovo Di Taro (PR),https://reg.iteca.kz/list/en/detailsfull.aspx?link=0x98716d3c732eda44a61ac81c88e84eab,+390525400531,info@bianchiprecastgroup.com,www.bianchiprecastgroup.com,https://www.instagram.com/bianchi_technology_for_precast/,https://www.linkedin.com/company/bianchi-casseforme-srl/,+7 967 191 0631,https://www.facebook.com/bianchicasseforme/,https://www.youtube.com/channel/UC7sNyGFGNZHHPfdnlQFdxng,+7 967 191 0631,,https://twitter.com/bianchicassefor,
40,BORJ TILE,Iran - Yazd,https://reg.iteca.kz/list/en/detailsfull.aspx?link=0x97120928c5451d4189822cca754834ec,+983532258067,info@borjtile.co,borjtile.co,borjtile.co,,+989134526387,,,+989134526387,,,
41,BOSTIK,Russia,https://reg.iteca.kz/list/en/detailsfull.aspx?link=0x4b1c312fb81f4949bf526f2682051976,,,,,,,,,,,,
42,BRANDTAPE,Russia - Ekaterinburg,https://reg.iteca.kz/list/en/detailsfull.aspx?link=0xb7f9bba5b1b8f744989b1cdb2ddad8b7,+79588838240,at@brandtape.ru,brandtape.kz,,,+7-747-962-80-28,,,@Brandtape2005,,,
43,NELISSEN BRICKS,Belgium - Lanaken,https://reg.iteca.kz/list/en/detailsfull.aspx?link=0x3f0d3c080709ea43a4d3e9aa8cccf8f9,+32 12 44 02 44,jeroen.bartels@nelissen.be,www.nelissen.be,https://www.instagram.com/nelissen_bricks/,https://www.linkedin.com/company/nelissen-steenfabrieken/,,https://www.facebook.com/nelissenbricks/?fref=mentions,https://www.youtube.com/channel/UC12Sr9H5HDGF_sRiapsepyA,,,,
44,XI'AN BRICTEC ENGINEERING CO.,China - Xi'an,https://reg.iteca.kz/list/en/detailsfull.aspx?link=0xddd11adc4d22e3429d39244563d621bc,0086 17392286280,sales05@brictec.com,www.brictec.com,,Xi'an Brictec Engineering,+86 17392286280,Brictec Brictec,,+86 17392286280,,,
45,CAD.KZ,Kazakhstan - Astana,https://reg.iteca.kz/list/en/detailsfull.aspx?link=0x815fd72d4048f5ef11ee21fc385fe592,"+7 7172 57 70 75, 57 80 28, +7 771 936 50 20",office@cad.kz,cad.kz,https://www.instagram.com/cad.kz_inst,https://www.linkedin.com/company/%D1%82%D0%BE%D0%BE-cad-kz/,77015501893,https://www.facebook.com/CADkz.old.page,https://youtube.com/@CADkz-gc2rp,https://t.me/cadkz,VK: https://vk.com/cadkz,,
46,CENTER FOR ENTREPRENEURSHIP DEVELOPMENT AND EXPORT SUPPORT OF THE IVANOVO REGION,Russia,https://reg.iteca.kz/list/en/detailsfull.aspx?link=0x448419aa4b56c049b667d4d14fb6ebf3,+7 (4932) 66-67-67,a.kochetkova@moybiznes37.ru,www.мойбизнес37.рф,,,,,,,,,
47,CHANGZHOU DONGJIA DECORATIVE MATERIALS CO.,China - Changzhou,https://reg.iteca.kz/list/en/detailsfull.aspx?link=0x9f02ab042425bc46a1a7daf41f74ae7a,0086-519-88723007,cassie@dongjiacn.com,www.dongjiacn.com,,,,,,,,,
48,CHESHT STONE,Kazakhstan - Almaty,https://reg.iteca.kz/list/en/detailsfull.aspx?link=0x4c7d03600a52cb458fcabd876eb1797a,"+77087099998, +77004120000",chesht.stone1@gmail.com,chesht.stone1.com,,,,,,,,,
49,COFFEE HOUSE,,https://reg.iteca.kz/list/en/detailsfull.aspx?link=0x8162bd396bc9787911ee3cb3a1b48339,,,,,,,,,,,,
50,CONFERENCE HALL,,https://reg.iteca.kz/list/en/detailsfull.aspx?link=0x8162bd396bc9787911ee3a97bf655006,,,,,,,,,,,,
51,CONTINENTAL,Russia - Voronezh,https://reg.iteca.kz/list/en/detailsfull.aspx?link=0x988adfd642306647a4cba91f375238f4,,,,,,,,,,,,
52,COSCA DECOR,Russia - Saint-Petersburg,https://reg.iteca.kz/list/en/detailsfull.aspx?link=0x625df0f7e3eb764fb27dc6ead9ea1b7f,+7(812) 409-15-55,sales@coscadecor.com,www.coscadecor.com,,,+79819898961,,,+79819898961,,,
53,COSMEC SRL,Italy - Verona,https://reg.iteca.kz/list/en/detailsfull.aspx?link=0x825d24993e8eaf44b8b1a6bea71a7708,+39 045 232 2635,mirko.rorer@cosmec-italy.com,www.cosmec-italy.com,,https://www.linkedin.com/company/cosmecitalysrl/,+39 347 968 0891,,https://www.youtube.com/@cosmecsrlitaly4359,,,,
54,CRISTALL,Russia,https://reg.iteca.kz/list/en/detailsfull.aspx?link=0x8162bd396bc9787911ee3b768a2d0fe9,,,,,,,,,,,,
55,CSK KAZAHSTAN,Kazakhstan - Almaty,https://reg.iteca.kz/list/en/detailsfull.aspx?link=0x41e5120946dc88489a0de389683508d3,+77013489604,info.kz@td-csk.ru,tdcsk.kz,tdcsk_kz,,,,,,,,
56,DECOR KZ,Kazakhstan - Almaty,https://reg.iteca.kz/list/en/detailsfull.aspx?link=0x391aa031e747514a94dfde31afa97423,+7 (771) 402-88-97,pro@decorkz.kz,decorkz.kz,,,,,,,,,
57,DEKOR VINIL,Russia - Perm,https://reg.iteca.kz/list/en/detailsfull.aspx?link=0x8160e9aa7a0cc79311ee3292f90f1a7d,"+7(342)2-93-63-45, +79523289560",dimonsin@mail.ru,www.dekor-vinil.ru,,,,,,,,,
58,DMITRIEVSKY CHEMICAL PLANT,"Russia - Ivanovo region, Kineshma",https://reg.iteca.kz/list/en/detailsfull.aspx?link=0x1832f61d17ef9a498875ff8fe0586f69,+7(495)204-29-65,info@dcpt.ru,www.dcpt.ru,,,,,https://www.youtube.com/@ultimaxgravity,,,,
59,DOCKE ASIA,Kazakhstan,https://reg.iteca.kz/list/en/detailsfull.aspx?link=0x98fd1350080df44ea1d5aec733b22387,,,,,,,,,,,,
60,DONGYUE MACHINERY GROUP CO.,China - Linyi,https://reg.iteca.kz/list/en/detailsfull.aspx?link=0x8e7693e3d58faa45be18143686eed315,008618369513975,michael@donyuegroup.com,www.dongyuegroup.com,,,008618369513975,https://www.facebook.com/profile.php?id=100015973951065,,,,,
61,DORREN,Russia - Cheboksary,https://reg.iteca.kz/list/en/detailsfull.aspx?link=0xb82d43b581f17a48a681f6b9aadb8127,+79111253380,av@dorren.ru,,,,,,,,,,
62,DUBAI ECONOMIC DEVELOPMENT CORPORATION,United Arab Emirates,https://reg.iteca.kz/list/en/detailsfull.aspx?link=0x1fb71b093e0db54cac80ce3dee6a4f8f,,,,,,,,,,,,
63,DURAY,Russia - Perm,https://reg.iteca.kz/list/en/detailsfull.aspx?link=0x50b7c8bde4a8a84c94ddc20217790a82,+7 (342) 209-57-57,info@duray.ru,duray.ru,,,,,,,,,
64,DVERI GOOD,Russia - Omsk,https://reg.iteca.kz/list/en/detailsfull.aspx?link=0x8162bd396bc9787911ee3b62271d05f9,89006776588,opt@goodomsk.ru,www.dverrr.ru,,,,,,,,,
65,PVF DEOL,Russia - Ufa,https://reg.iteca.kz/list/en/detailsfull.aspx?link=0x8fa5ddd02d3cd147bc8c2d728cadb9cc,+7 (347) 246-54-74,td_lkm@mail.ru,www.deol-zavod.ru,,,,,,,,,
66,EAST FACILITY (JIANGSU) CO.,China - Changzhou,https://reg.iteca.kz/list/en/detailsfull.aspx?link=0xae1e4e5081f21749bb1f70623a961fa2,0086-519-88616390,denver@efflooring.com,www.efflooring.com,,,,,,,,,
67,ECO-GROUP,Russia - Tavda,https://reg.iteca.kz/list/en/detailsfull.aspx?link=0x8162bd396bc9787911ee3b768a2d0fe4,+7(343)287-71-14,bad@egroupfk.ru,tavda.ru,tavda.ru,,,,,,,,
68,ECOLUX,Russia - Novosibirsk,https://reg.iteca.kz/list/en/detailsfull.aspx?link=0xf787e5bf7d4f6a4686c156f92543e8ad,+7952-904-50-40,sale@e-lux.group,www.e-lux.group/,,,,,,https://t.me/eluxsvet,,,
69,EHLASTOMERIK SISTEMS,,https://reg.iteca.kz/list/en/detailsfull.aspx?link=0xb39285c860708a4e95df2a1247b2a7dd,,,,,,,,,,,,
70,EIRICH,Germany - Hardheim,https://reg.iteca.kz/list/en/detailsfull.aspx?link=0x82b44f321e36a047a60fa2f93de6f9bf,+49 (0) 6283 51-0,eirich@eirich.de,www.eirich.com,,https://de.linkedin.com/company/maschinenfabrik-gustav-eirich-gmbh-&-co-kg,,https://www.facebook.com/eirich.de,https://www.youtube.com/user/EirichGroup,,,,
71,ELEMATIC,Finland - Akaa,https://reg.iteca.kz/list/en/detailsfull.aspx?link=0x768734b5c4addf4a8205cd227179ea25,+358 3 549 511,mikhail.zhuravlev@elematic.com,www.elematic.com,https://www.instagram.com/elematic.precast/,https://www.linkedin.com/company/elematic-oy/posts/?feedView=all&viewAsMember=true,,https://www.facebook.com/elematiceurasia,https://www.youtube.com/user/ElematicGroup,,,https://twitter.com/Elematic,
72,EMIRATES PANEL MANUFACTURE,United Arab Emirates - Umm Al Quwain,https://reg.iteca.kz/list/en/detailsfull.aspx?link=0xe63dcf5735881648a8c84c4c195fab0a,+971567529999,info@epm.biz,www.epm.biz,https://www.instagram.com/emiratespanelm,,+971567529999,https://www.facebook.com/EmiratesPanelManufacture,,+971567529999,,,
73,ENGINEERING SERVICES,Kazakhstan - Astana,https://reg.iteca.kz/list/en/detailsfull.aspx?link=0x815fd72d4048f5ef11ee213cab6832f6,+7 776 777 17 61,info@eng-services.kz,eng-services.kz,https://www.instagram.com/engineering_services_too,,,,,,,,
74,ENGNOVA GROUP,Russia - Lipetsk,https://reg.iteca.kz/list/en/detailsfull.aspx?link=0x8162bd396bc9787911ee3c3254565755,+7-920-244-43-07,engnovagroup@yandex.ru,engnovagroup.com,,,,,,,,,
75,ERMAK MACHINE,Turkey - Kocaeli,https://reg.iteca.kz/list/en/detailsfull.aspx?link=0x2c510286ff65f5449c2749428fcde77f,(+90 262) 263 02 70-71,ermak@ermakmakine.com.tr,www.ermakmakine.com.tr,,ERMAK CONCRETE AND CONSTRUCTION MACHINERY,+90 530 699 07 76,https://www.facebook.com/ermak.beton,https://www.youtube.com/@ermakbeton/videos,,,,
76,EUROMECC,Italy - Misterbianco,https://reg.iteca.kz/list/en/detailsfull.aspx?link=0x2f9b22fc5f436648936d1f5ac928e7ed,+39 095 7130011,sales@euromecc.com,www.euromecc.com,https://www.instagram.com/euromecc_italy/,https://www.linkedin.com/company/5020003,,https://www.facebook.com/euromecc.italy,https://www.youtube.com/c/euromeccsrl,,,,
77,EUROSOFF,Russia - Kaliningrad,https://reg.iteca.kz/list/en/detailsfull.aspx?link=0xddc7a37009090f4eae1304b2250a5060,+7-906-238-79-28,info@soffito.net,soffito.net,https://instagram.com/soffito_potolki?igshid=YmMyMTA2M2Y=,,+7-906-237-55-80,,,,VK: https://m.vk.com/potolok_soffito,,+7-906-237-55-80
78,EXLUSIVE GROUP,Kazakhstan - Shymkent,https://reg.iteca.kz/list/en/detailsfull.aspx?link=0x59e19ce66ab95d448c460bddd4bc812b,87018371060,Umid230885@mail.ru,,exclusive_ceramo_shymkent,-,87475147777,-,-,87018371060,VK: -,-,-
79,EXPORT SUPPORT CENTER OF NOVOSIBIRSK REGION,Russia,https://reg.iteca.kz/list/en/detailsfull.aspx?link=0xebbd62347fb33b409b125dd07fb0f04b,,,,,,,,,,,,
80,EXPORT SUPPORT CENTER OF SAINT-PETERSBURG,Russia - -,https://reg.iteca.kz/list/en/detailsfull.aspx?link=0x1c939dfbcc3b72429d3a2dafa299f4bb,-,-,-,-,-,-,-,-,-,VK: -,-,-
81,EXPORT SUPPORT CENTER OF THE CHUVASH REPUBLIC,Russia,https://reg.iteca.kz/list/en/detailsfull.aspx?link=0x347ca126b483c947bbcf4c3ddbd2dc57,,,,,,,,,,,,
82,EXPORT SUPPORT CENTER OF THE VOLGOGRAD REGION,Russia - Volgograd,https://reg.iteca.kz/list/en/detailsfull.aspx?link=0xbb4c8e3c8340294895cee40a2f12cd56,+7 (8442) 32 00 03,export34@bk.ru,export34.ru,,,,,,https://t.me/export_34,VK: https://vk.com/export_vlg,,
83,EXPORT SUPPORT CENTER OF THE VORONEZH REGION,Russia,https://reg.iteca.kz/list/en/detailsfull.aspx?link=0xaf1f481e1157a84ebbaeb959cfb2ec06,,,,,,,,,,,,
84,EXPORT SUPPORT CENTRE OF VLADIMIR REGION,Russia - Vladimir,https://reg.iteca.kz/list/en/detailsfull.aspx?link=0xb892df4adf3411488ad25259101e4504,"+7 (904) 653 86 97, +7 (4922) 222598",info@export33.ru,export33.ru,,,,,,,VK: https://vk.com/club145994743,,
85,FANERNYI KOMBINAT,Russia - Voronezh,https://reg.iteca.kz/list/en/detailsfull.aspx?link=0x8162bd396bc9787911ee3da499852457,,,,,,,,,,,,
86,FANERNYI ZAVOD,Russia - Voronezh,https://reg.iteca.kz/list/en/detailsfull.aspx?link=0x8162bd396bc9787911ee3da499852458,,,,,,,,,,,,
87,FARBEN-EXPORT,Russia - Voronezh,https://reg.iteca.kz/list/en/detailsfull.aspx?link=0x8162bd396bc9787911ee3da499852455,,,,,,,,,,,,
88,FASTENGROUP,Russia - Moscow,https://reg.iteca.kz/list/en/detailsfull.aspx?link=0x86e478d8c6ba5446bc585363ace0ad0f,+7 (495) 161 6768,msk@profdubel.ru,www.fastengroup.ru,,,,,,,,,
89,FIXPISTOLS,Kazakhstan - Almaty,https://reg.iteca.kz/list/en/detailsfull.aspx?link=0x8162bd396bc9787911ee422509fb900c,87478803820,fixpistols.kz@gmail.com,fixa.kz,fixpistols.kz,,87478803820,,@FIXPISTOLS,@fixa.kz,,,
90,FOLSEN,Latvia - Marupe,https://reg.iteca.kz/list/en/detailsfull.aspx?link=0xfc63257d42c4a14fb2f7c55776b46903,29492298,jekaterina.malceva@polipaks.com,www.folsen.eu; www.folsen.ru,,https://www.linkedin.com/company/96408962/admin/,,https://www.facebook.com/multipacksia,,,,,
91,FORES,Kazakhstan - Almaty,https://reg.iteca.kz/list/en/detailsfull.aspx?link=0x1255ed3d9eb0314c88824505e1a3eb9d,+7-727-341-04-44,info@fores.kz,fores.kz,,,,,,,,,
92,FORMASTONE,Russia - Kaliningrad,https://reg.iteca.kz/list/en/detailsfull.aspx?link=0x815fd72d4048f5ef11ee21fc385fe58f,+74012615127,vnv@formastone.ru,www.formastone.ru,,,,,https://www.youtube.com/channel/UCDFjyg078_-RGBRc_YUmM2w,,VK: https://vk.com/public201172518,,
93,FRANC GARDINER RUSSIA,"Russia - Murino production zone, urban settlement Murinsky, Leningrad region",https://reg.iteca.kz/list/en/detailsfull.aspx?link=0xba4000f0bb1aab459bd6b01892c4cabc,+7 812 7027234  +7 800 7070046,info@francgardiner.ru,francgardiner.ru,https://instagram.com/francgardiner?igshid=NTc4MTIwNjQ2YQ==,,+79312971104,,https://www.youtube.com/@francgardiner4262?app=desktop,,VK: https://vk.com/francgardiner_rollerblinds,,
94,FREE STYLE LLP,Kazakhstan - Almaty,https://reg.iteca.kz/list/en/detailsfull.aspx?link=0x47291329f3d879469bd892a3b697a202,+7 727 312 24 55,info@free-style.kz,www.free-style.kz,@for_walls,,,,,,,,
95,FRONTSIDE,Kazakhstan - Almaty,https://reg.iteca.kz/list/en/detailsfull.aspx?link=0x572cc2c603935c41813659091df03068,"+7 (701) 800-57-50, +7 (701) 800-77-20",info@frontside.kz,www.frontside.ru,,,,,https://youtube.com/@frontside4809,,,,
96,FUJIAN JOBORN MACHINERY  CO.,"China - Nanan City, Fujian Province",https://reg.iteca.kz/list/en/detailsfull.aspx?link=0x4477935f636ac944aaef970034de845f,+86-595-26569898,admin@joborn.com,www.joborn.com,,,+86-15880960665,https://www.facebook.com/kebin.huang.982?mibextid=LQQJ4d,,,,,
97,BMWK,Germany - Berlin,https://reg.iteca.kz/list/en/detailsfull.aspx?link=0x8162bd396bc9787911ee3b62271d05fd,+ 49-30-2839390,info@iecberlin.de,www.kazbuild.german-pavilion.com,,,,,,,,,
98,COMET GRANITO PVT LTD,India - Morbi,https://reg.iteca.kz/list/en/detailsfull.aspx?link=0x6be20d3fe16d4b41837ccb9d1ca28bad,00919825215815,export3@granicer.in,www.granicer.in,https://www.instagram.com/p/Cj4bE7TKpdr/,https://www.linkedin.com/company/granicerceramica/?originalSubdomain=in,+919033474504,https://www.facebook.com/GranicerCeramicaIndiana/,,,,,
99,EGIDA,Kazakhstan - Almaty,https://reg.iteca.kz/list/en/detailsfull.aspx?link=0x12e4bce96da431438783883af08f638a,+7 727 313 10 18,info@egida.kz,egida.kz,#egidagroupkz,,+7 708 181 0185,,egidagroupkz,,,,
100,GAC GROUP LLC,"Russia - urban setttlement Dubrovka, Vsevolozhsky district, Leningrad region",https://reg.iteca.kz/list/en/detailsfull.aspx?link=0x0490f9889bdf614da00564b4c382ac66,+7 812 3372273,online.store@dspnd.ru,quickdeck.pro,https://www.instagram.com/quick_deck/,,,,https://www.youtube.com/channel/UCFWcYt0gDsr6HLzFmDUDVUw,,VK: https://vk.com/quickdeck,,
101,GALAKSI GROUP,Kazakhstan - Алматы,https://reg.iteca.kz/list/en/detailsfull.aspx?link=0x8162bd396bc9787911ee3b70f3b3b38c,+77272211111,info@galaksi.nl,galaksi.nl,galaksi_group,,,,galaksi_group,,,,
102,GALLERY OF WINDOWS,Russia - Ufa,https://reg.iteca.kz/list/en/detailsfull.aspx?link=0x856b83509942064da4eb5d635f40346e,+7 (347) 201-07-34,,www.galwin.ru,,,,,,,,,
103,GAMMA KZ - FORMWORK SYSTEMS,Kazakhstan - Astana,https://reg.iteca.kz/list/en/detailsfull.aspx?link=0xfdd5d65411ee3a4397d6f007b2d9a5a6,+77027774391,info@gammakaz.kz,gammakaz.kz,https://www.instagram.com/gamma_kz/,,,,,,,,
104,GAMMA MECCANICA SPA,Italy - Bibbiano,https://reg.iteca.kz/list/en/detailsfull.aspx?link=0xcc613c03a6030347adf03c6f86d19a78,+39 0522 240811,maria.golubeva@gamma-meccanica.it,www.gamma-meccanica.it,,https://www.linkedin.com/company/gamma-meccanica-spa/,,https://www.facebook.com/gammameccanica,https://www.youtube.com/@gammameccanicaspa5956,,,,
105,GENERATSIYA,Russia,https://reg.iteca.kz/list/en/detailsfull.aspx?link=0x8162bd396bc9787911ee3b62271d05fa,,,,,,,,,,,,
106,GEOMASH,Russia - Vladimir,https://reg.iteca.kz/list/en/detailsfull.aspx?link=0xf151f928f08f49498c573eef4285111c,+7 (915) 041-02-87,sales@geomash.ru,www.geomash.ru,,,+79150410287,,https://www.youtube.com/channel/UC1JYIrqlvhAdc119zSuCeGg,,VK: https://vk.com/geomash,,
107,GEOSM,Russia - Nizhniy Novgorod,https://reg.iteca.kz/list/en/detailsfull.aspx?link=0x815fd72d4048f5ef11ee21fc385fe58d,+7-7172-69-62-45,info@geo-sm.kz,geo-sm.kz,,,,,https://www.youtube.com/c/GeoSM,,,,
108,GERVENT RUS,Russia - Cheboksary,https://reg.iteca.kz/list/en/detailsfull.aspx?link=0xf736125ae4daf24dbd5a48449d5474df,+79196761991,sav@nanodeflector.com,nanodeflektor.ru,,,,,https://www.youtube.com/@GERVENT,,VK: https://vk.com/nanodeflector,,
109,GIDROSIB,Russia - Novosibirsk,https://reg.iteca.kz/list/en/detailsfull.aspx?link=0x2b968c720666384386028ce0018db903,"+7 (383) 212-80-75, +7 (383) 373 23-80",info@gidrosib.com,gidrosib.com,,,+7 913 986 64 40,,,,VK: https://vk.com/gidrosib,,
110,GOKER,"Turkey - Ankara, Sincan",https://reg.iteca.kz/list/en/detailsfull.aspx?link=0xfc6db7eea0df764193b15bfb46894cad,+90 312 267 09 94,info@goker.com.tr,www.goker.com.tr,goker_as,https://tr.linkedin.com/company/goker-is-makinalari,+90 533 437 76 74,https://www.facebook.com/gokerismakinalari,https://www.youtube.com/@gokerismakinalari807,+90 533 437 76 74,,,
111,GRANDE FORGE,France - Eschau,https://reg.iteca.kz/list/en/detailsfull.aspx?link=0x8162bd396bc9787911ee3b70f3b3b38d,+33(0)-3-88-64-88-42,liliana.faure@grande-forge.tm.fr,,,https://www.linkedin.com/showcase/11272982/admin/,,https://www.facebook.com/FinestFrenchForging/,https://www.youtube.com/watch?v=vJRGsU-oozo,,,,
112,GRAPHENSTONE,Kazakhstan - Almaty,https://reg.iteca.kz/list/en/detailsfull.aspx?link=0xfc87a1450a0bf149b35a9b79f9ea977a,+ 7 701 111 71 71; +7 701 728 05 18,"zhanna.s@graphenstone.kz, s.k.zhanna@mail.ru",www.graphenstone.kz,graphenstone_paints_kz,,,Graphenstone Kazaakhstan,,,,,
113,GUNUO(TIANJIN) INDUSTRIAL CO.,China - Tianjin,https://reg.iteca.kz/list/en/detailsfull.aspx?link=0xd7b94be2c0b52645951243dd0b08d89c,+862084267539,enquiry@gnsealant.com,www.gnsealant.com,"GUNUO TIANJIN INDUSTRIAL CO.,LTD","GUNUO TIANJIN INDUSTRIAL CO.,LTD",0086 13434227916,"GUNUO TIANJIN INDUSTRIAL CO.,LTD","GUNUO TIANJIN INDUSTRIAL CO.,LTD",,,,
114,QUANGONG MACHINERY CO.,China - Quanzhou,https://reg.iteca.kz/list/en/detailsfull.aspx?link=0x3a5f5db7dd2bfa479e99050af2fb2842,+86 595 8679 9299,overseas@qzmachine.com,www.qzmachine.com,,,,,,,,,
115,FUJIAN HERUN STONE CO.,China - Quanzhou,https://reg.iteca.kz/list/en/detailsfull.aspx?link=0x160de255166bcb47b4871373060d00ac,0086-595-86006262,libby@hrsasia.cn,www.huarunstone.com,,,,,,,,,
116,HAFELE,Germany - Nagold,https://reg.iteca.kz/list/en/detailsfull.aspx?link=0x815fd72d4048f5ef11ee21fc385fe591,+7(727)375-12-98,office@hafele.kz,hafeleshop.kz,https://www.instagram.com/hafele_kazakhstan/,,,https://www.facebook.com/HafeleKazakhstan/,,,,,
117,HESS GROUP GMBH,Germany - Burbach- Wahlbach,https://reg.iteca.kz/list/en/detailsfull.aspx?link=0xe13c6a068195d1478c5de9e8df34244f,+49 2736 4976 0,info@hessgroup.com,www.hessgroup.com,,https://www.linkedin.com/company/hess-group,,,https://www.youtube.com/c/HESSGROUP/videos,,,,
118,JIANGSU HAIFA NEW MATERIALS TECHNOLOGY CO.,"China - Wuxi, Jiangsu",https://reg.iteca.kz/list/en/detailsfull.aspx?link=0xf607cbea64be324fa759e32d0a34fb01,0086-18652456212,hafa1@wxhaifa.com,www.wxhaifa.com,,,,,,,,,
119,SHANDONG HUAJIAN ALUMINIUM GROUP CO.,"China - Weifang, Shandong Province",https://reg.iteca.kz/list/en/detailsfull.aspx?link=0x36d31a0bd049354b9199c22929c4a48a,0086-13583672932,andreadou@huajian-al.com,www.hjaluminumwindow.com,,,,,,,,,
120,"AUTONOMOUS NON-PROFIT ORGANIZATION ""AGENCY FOR INVESTMENT AND EXPORT DEVELOPMENT OF THE REPUBLIC OF MARI EL""",Russia - Yoshkar-Ola,https://reg.iteca.kz/list/en/detailsfull.aspx?link=0x1c5cc97fdf8ef841893a0f59e3666163,+7 (8362) 34-19-19,invest.export12@mail.ru,export12.com,,,,,,,,,
121,ICA EVENTS,United Arab Emirates - Dubai,https://reg.iteca.kz/list/en/detailsfull.aspx?link=0x8162bd396bc9787911ee3c0a9cffe7c0,+971 4 5545319,info@ica-eurasia.com,ica.events,,,,,,,,,
122,ID TRADE LTD,Kazakhstan - Almaty,https://reg.iteca.kz/list/en/detailsfull.aspx?link=0xdae72db19f1dfc4d921756ad2639f870,+7 777 306 6030,inurabaev@idt.kz;,www.idt.kz,https://instagram.com/idtrade_facade?igshid=MzRlODBiNWFlZA==,,+7 777 306 6030,,,,,,
123,INNOVATIVE BUSINESS GROUP,Russia - Novosibirsk,https://reg.iteca.kz/list/en/detailsfull.aspx?link=0xccd48b83d6d2744d8c648a2f64e913fe,+7 913 922 95 99,export@mir.inbg.ru,www.inbg.ru,,,,,,,,,
124,INTOP,Russia - Irkutsk,https://reg.iteca.kz/list/en/detailsfull.aspx?link=0x13b2700dcc336646ae11ca5ac59d14bb,+79025118664,k.sadovsky@intop.pro,www.intop.pro,,,,,,,,,
125,ISKER COMPANY,Kazakhstan - Каскелен,https://reg.iteca.kz/list/en/detailsfull.aspx?link=0xfa30245801658c42a4b966b9724cbc95,+77074522121,info@iskercompany.kz,isker.com.kz,isker.com.kz,,+77074522121,,,,,,
126,ISMAILOV R.R.,Kazakhstan - Almaty,https://reg.iteca.kz/list/en/detailsfull.aspx?link=0x815fd72d4048f5ef11ee213cab6832f4,+7-727-394-39-66,5-ugol@inbox.ru,5ugol.kz,,,,,,,,,
127,ISOMAX RUS,Russia - Ekaterinburg,https://reg.iteca.kz/list/en/detailsfull.aspx?link=0x8162bd396bc9787911ee3b70f3b3b38f,+7(343)379-06-00,info@isomaxrus.ru,https://isomaxrus.ru/,,,,,,,,,
128,ITACA CERAMIC PRIVATE LIMITED,"India - Morbi, Gujarat",https://reg.iteca.kz/list/en/detailsfull.aspx?link=0x226706fbb8ab56429a6052dc28bf635d,+919978688217,export.europe@itaca.in,www.itaca.in,https://instagram.com/itaca_ceramic?igshid=ODM2MWFjZDg=,https://www.linkedin.com/in/itacaceramic,,https://www.facebook.com/www.itaca.in?mibextid=ZbWKwL,https://www.youtube.com/watch?v=avSL9SRHJuE,,,,
129,ITECA,Kazakhstan - Almaty,https://reg.iteca.kz/list/en/detailsfull.aspx?link=0xca079f39176ff546a6f6dd4788377128,+7 727 2583434,contact@iteca.kz,www.iteca.kz,https://www.instagram.com/building_events_kz/,https://www.linkedin.com/company/iteca/,+7 707 549 12 40,https://www.facebook.com/building.events.kazakhstan,https://www.youtube.com/watch?v=pb0Rw5CuaWA,,,,
130,IVANOVO MECHANICAL PLANT,Russia,https://reg.iteca.kz/list/en/detailsfull.aspx?link=0x7204b11c9829bf489203415cdeed5092,,,,,,,,,,,,
131,JUNG,Kazakhstan - Almaty,https://reg.iteca.kz/list/en/detailsfull.aspx?link=0x8a4d537df57ec94fae9fe7a92c4f31b8,8 727 313 17 12,info@jung.kz,,,,87085900844,,,87085900844,,,87085900844
132,3D KRESTIKI,Russia - Volgograd,https://reg.iteca.kz/list/en/detailsfull.aspx?link=0x8e69f8482a019e4596cf570973b725eb,8 (800) 505 50 38,sale@3dsvp.ru,www.3dkrestiki.ru,instagram.com/svp_3dkrestiki,,,,https://www.youtube.com/channel/UC5d23WupUJmvWEp6AxFT48A,https://t.me/svp_3dkrestiki,VK: https://vk.com/svp_3dkrestiki,,
133,BEAUTIFUL HOUSES PRESS,Russia - Moscow,https://reg.iteca.kz/list/en/detailsfull.aspx?link=0xa12e1c311171fc488065938b4fcd4569,0074957305592,info@houses.ru,houses.ru,,,,,,,,,
134,FUJIAN PROVINCE KAIDA STONE MACHINERY CO.,China - Quanzhou,https://reg.iteca.kz/list/en/detailsfull.aspx?link=0xa56731386b57c844ba13b281670ed8e9,0086-595-85750356,admin@kaida888.cn,www.kaidamachines .com,,,,,,,,,
135,GUANG DONG KINLONG HARDWARE PRODUCTS  CO,China - Dongguan,https://reg.iteca.kz/list/en/detailsfull.aspx?link=0x21bd8c6f8b35b541b948ffebe6d69ab3,0086-769-82166666,mail@kinlong.com,www.kinlong.com,,,,,,,,,
136,KAFT SYSTEM,Russia -  Moscow,https://reg.iteca.kz/list/en/detailsfull.aspx?link=0x258c6dcee04de647858d34800760e406,+7(495)432-35-55,sales@kaftsystem.com,kaftsystem.com,,,,,,,,,
137,KALIPSO PKF OOO,Russia - Magnitogorsk,https://reg.iteca.kz/list/en/detailsfull.aspx?link=0x9e0f383b8fc1904db063c3724861178a,"+7 (3519) 23-20-93, +7 (3519) 23-42-97, +7 992-518-61-26","pkfkalipso@mail.ru, psr1995@mail.ru",https://kalipso74.ru/,,,,,,,,,
138,KAZGOR DA LLP,Kazakhstan,https://reg.iteca.kz/list/en/detailsfull.aspx?link=0x1d607669bd3e134aaa219987188adce2,,,,,,,,,,,,
139,KAZPAN,Kazakhstan - Astana,https://reg.iteca.kz/list/en/detailsfull.aspx?link=0x950913e0dcd8af4badfd7ab6daa86e92,+77777705363,info@kazpan.com,kazpan.com,,,,,,,,,
140,KCT BUILDING MATERIALS,United Arab Emirates - Dubai,https://reg.iteca.kz/list/en/detailsfull.aspx?link=0xaaeb73e7e4bfb944b3117682784a88e4,0097145549076,Cmo@kct.ae,www.kct.ae,KCT_BUILDING_MATERIAL,KCT BUILDING MATERIAL,,,,,,,
141,KERAMIN,Kazakhstan - Almaty,https://reg.iteca.kz/list/en/detailsfull.aspx?link=0x30c7752b21ba5d4a91b208b86e5de15e,"+7 707 333 81 63, +7 747 273 1993",astana@keramir.kz,https://keramin-astana.kz,keramir_kz,,+7 778 974 70 30,https://www.facebook.com/TDKeraminAstana?mibextid=LQQJ4d,,,,,
142,KEREMET-07,Kazakhstan,https://reg.iteca.kz/list/en/detailsfull.aspx?link=0xa4cf3fc125bd2d449075f2660ff10c25,,,,,,,,,,,,
143,KESTO,Russia - Saint Petersburg,https://reg.iteca.kz/list/en/detailsfull.aspx?link=0x0801617d0e93544bba9a6c401559cb11,+7 (812) 448 61 47,info@kesto.ru,www.kesto.ru,,,,,,https://t.me/+bnRA7BDpwPI5NDAy,VK: vk.com/kestoru,,
144,KLEYTON,Russia - Voronezh,https://reg.iteca.kz/list/en/detailsfull.aspx?link=0x8162bd396bc9787911ee3da499852456,"+7 (473) 260-67-38, +7 (495) 984-30-86, +7 (812) 612-44-30","Ledtime@mail.ru, Ledtime-vrn@mail.ru",kleyton.ru,,,,,,,,,
145,KMK GROUP,Kazakhstan - Almaty,https://reg.iteca.kz/list/en/detailsfull.aspx?link=0xd94e26cedbd9904184951e33ecf8136f,87213997788,marketing@kmktradeco.kz,www.kmktradeco.kz,kmk_trade,,87002125208,,,,,,
146,VOLGOGRAD CERAMIC PLANT,Russia - Volgograd,https://reg.iteca.kz/list/en/detailsfull.aspx?link=0x8162bd396bc9787911ee3b222e56a8d5,"+7 (8442) 47-64-09, 8(8442) 62-45-53","info@vkz.ru, a_savrasov@axima-ceramica.com",vkz.ru,,,,,,,,,
147,XIAMEN KINGRHINO IMP.&EXP. CO.,China - Xiamen,https://reg.iteca.kz/list/en/detailsfull.aspx?link=0xb3118933f4a92a4fa379ff443a3cef0a,13850755779,77365384@qq.com,https://kingrhino.en.made-in-china.com/,,+8613850755779,+86-13799766245,,,,,,
148,EXPORT SUPPORT CENTER OF LENINGRAD REGION,Russia - St. Petersburg,https://reg.iteca.kz/list/en/detailsfull.aspx?link=0xd6ac69b184fcaf42ab58e314694c2535,+7-812-6440122,Exportlo@crplo.ru,crplo.ru/export,,,,,,https://t.me/export47,VK: https://vk.com/crploru,,
149,JINHUA LEADOORS CO.,China - Zhejiang,https://reg.iteca.kz/list/en/detailsfull.aspx?link=0x223f9c804e616046975f20e16eaf687d,13506597868,503145757@qq.com,www.leadoors.com,,,,,,,,,
150,LANDSCAPE ARCHITECTURE & DESIGN,Kazakhstan - Almaty,https://reg.iteca.kz/list/en/detailsfull.aspx?link=0x4c01660203abe9419cd2037158f349aa,+77006980851,info@ladd.kz,www.ladd.kz,,,,,,,,,
151,LASCO UMFORMTECHNIK GMBH,Germany - Coburg,https://reg.iteca.kz/list/en/detailsfull.aspx?link=0xc72776fde277424ba8ccf00ac3d3c81e,+49 9561 642-0,pavel.benner@lasco.de,www.lasco.com,,https://www.linkedin.com/company/lasco-umformtechnik-gmbh,,https://www.facebook.com/LASCOumformtechnik,https://www.youtube.com/channel/UCpgBplepPYDrznvhUnk1Wag,,,,
152,LAVIT TILE,"India - Morbi, Gujarat",https://reg.iteca.kz/list/en/detailsfull.aspx?link=0x7d15a58f443f354e81d9f10054de3c6e,+9978699944,export@lavittile.com,www.lavittile.com,https://www.instagram.com/lavit_tile/,https://www.linkedin.com/company/lavit-tile-llp,,https://www.facebook.com/lavittile/,,,,,
153,LEADER ENGINEERING COMPANY,Kazakhstan - Almaty,https://reg.iteca.kz/list/en/detailsfull.aspx?link=0x33b1866954a64448ab737f22902205e7,+7 727 222 31 33,info@leadereng.kz,www.leadereng.kz,,,+7 708 983 1888,,,,,,
154,LED LIGHTING CENTRAL ASIA,Kazakhstan - Almaty,https://reg.iteca.kz/list/en/detailsfull.aspx?link=0x34128fe016e1204f8802a7a0cded23c0,+7 777 209 45 45,infollca@belintegra.by,www.llca.kz,,,87772094545,,,,,,
155,LEIRIMETAL S.A.,Portugal - Leiria,https://reg.iteca.kz/list/en/detailsfull.aspx?link=0x134232b8a309de4da66cd435816f5b9f,+ 351 244800430,"leirimetal@leirimetal.com , jose.neves@leirimetal.com , amadeus.erbes@leirimetal.com",www.leirimetal.com,https://www.instagram.com/leirimetal_sa/,Leirimetal,"Jose Neves +351919593596, Amadeus Erbes +351912955273",Leirimetal.heavy.clay.solutions,-,-,VK: -,https://twitter.com/leirimetal,-
156,LIKHODIEVSKAYA T. V.,Russia,https://reg.iteca.kz/list/en/detailsfull.aspx?link=0x757fbc2e125a804ea52f88c13f4aab4b,,,,,,,,,,,,
157,LINYI CONSMOS IMP.&EXP. CO.,"China - Shandong, Linyi",https://reg.iteca.kz/list/en/detailsfull.aspx?link=0xef6f23e8a6e82e4bb3914c5c5f54b6bb,+8618669660999,sales@consmos.com,www.consmos.com,,,+8618669660999,Consmos Wood,,,,,
158,LIPETSK REGION EXPORT SUPPORT CENTER,Russia - Lipetsk,https://reg.iteca.kz/list/en/detailsfull.aspx?link=0xdb1374998330234e9272b97b133706e5,"+7 (4742) 37-13-48, 37-13-88","export-48@yandex.ru, sda@liptpp.ru",export48.ru,,,,,,,,,
159,LKZ LAKOVAR,Russia - Saint-Peterburg,https://reg.iteca.kz/list/en/detailsfull.aspx?link=0xf7e013985baca54e89cbea8c5f243637,+7-961-800-50-80,001@lakovar.ru,www.lakovar.ru,,,+7-961-800-50-80,,,,,,
160,LMB,Kazakhstan - Almaty,https://reg.iteca.kz/list/en/detailsfull.aspx?link=0xe820dddaab45984ab446e85cbff14d0b,+7 771 7651101,office@lmb2022.kz,www.lmb2022.kz,,,,,,,,,
161,ZHEJIANG LONGYE PIPEINDUSTRY CO,China - Hangzhou,https://reg.iteca.kz/list/en/detailsfull.aspx?link=0x37cd43c6df429146b2856b3c2e4ed81b,0086-571-82458886,Longyeguanye@163.com,,,,,,,,,,
162,CHANGZHOU MINGJIE BUILDING MATERIAL EQUIPMENT MANUFACTURING CO.,China - Changzhou,https://reg.iteca.kz/list/en/detailsfull.aspx?link=0x185b1d145f7be94e8f3de465a870e499,+86-519-68880156,layerzhu@163.com,https://www.mjaacmachine.com/,,,+86-13775120393,,,,,,
163,MAAN,Poland - Rzeszotary,https://reg.iteca.kz/list/en/detailsfull.aspx?link=0xb950cf1d6b5a064997ed2ce7659e622e,+48607074241,info@maan.net.pl,www.maan.net.pl,,,0048607074241,https://www.facebook.com/MaanTools,https://www.youtube.com/channel/UCNFdcJNH6xzj_ozKzjHyLHg,,,,
164,MASA,Germany - Andernach,https://reg.iteca.kz/list/en/detailsfull.aspx?link=0x991af9e1fcc68246951ecef9af2c8c60,+49 2632 9292-0,info@masa-group.com,masa-group.com,https://www.instagram.com/masagroup_/,https://www.linkedin.com/company/masagroup/,,https://www.facebook.com/masa.gmbh,https://www.youtube.com/c/milestonetosuccess,,,,
165,MAX-TRUDER GMBH,Germany - Magdeburg,https://reg.iteca.kz/list/en/detailsfull.aspx?link=0x9c01f3d6b21fd04b891fd3458a9269f1,+49 6725 30099 0,info@maxtruder.com,www.maxtruder.com,https://www.instagram.com/maxtruder_gmbh/,https://www.linkedin.com/company/max-truder-gmbh,,,https://www.youtube.com/channel/UCBemB6LpMIucrlVBCkb1FVA,,,,
166,MAYAKMETALL,Kazakhstan - Uralsk,https://reg.iteca.kz/list/en/detailsfull.aspx?link=0xd3950c2e3f47f44db9b6004c52b8291e,+7-711-293-91-74,kz@mayakmetall.kz,mayakmetall.kz,@mayakmetall.kz,,,,,,,,
167,MAYTONI,Kazakhstan - Almaty,https://reg.iteca.kz/list/en/detailsfull.aspx?link=0xd820573738561a46b2616ded4a9bf4a7,+77075375869,a.kostyunina@maytoni.ru,maytoni.ru,https://instagram.com/maytoni_russia,,,,https://www.youtube.com/@maytoni_russia,https://t.me/maytoni_russia,VK: https://vk.com/maytoni_russia,,
168,MEANDER GROUP,Russia - Omsk,https://reg.iteca.kz/list/en/detailsfull.aspx?link=0xd8f3268f4a52c947abe43b98a9129f67,+7 (3812) 53-44-75,mail@meandr.group,www.meandrstroy.ru,,,+79293613040,,https://www.youtube.com/@zashita_sten,,,+79293613040,
169,MEESENBURG KAZAKHSTAN,Kazakhstan - Almaty,https://reg.iteca.kz/list/en/detailsfull.aspx?link=0x68e4c63fe186c448bc8758458c11af63,87780965533,ala.order@meesenburg.kz,www.m-365.kz,meesenburg.kz,,8 778 096 55 33,,,,,,
170,MEETING AREA,,https://reg.iteca.kz/list/en/detailsfull.aspx?link=0x8162bd396bc9787911ee3cb3a1b4833b,,,,,,,,,,,,
171,MEMAAR BUILDING SYSTEMS FZC,United Arab Emirates - Sharjah,https://reg.iteca.kz/list/en/detailsfull.aspx?link=0x2546a1ae407f7941a48178c0a98d588c,+97165149999,sales@mbs.ae,www.mbs.ae,https://www.instagram.com/mbsfzc/,https://www.linkedin.com/company/13395872/,,https://www.facebook.com/mbsuae,https://www.youtube.com/channel/UCoXgoCHikL9Z1C8_ji_yxZA,,,,
172,MESA FORMWORK,Turkey - Ankara,https://reg.iteca.kz/list/en/detailsfull.aspx?link=0xdf62d69afe4bb64291b92f535bed157d,+903122773300,info@mesaformwork.com,www.mesaformwork.com,https://www.instagram.com/mesaformwork/,https://www.linkedin.com/company/mesa-imalat/,https://wa.me/message/D3ZZAMJVQ2AKH1,https://www.facebook.com/mesaformwork/,https://www.youtube.com/channel/UCIhZfznTALK9Z3yr0krrQ2w,,,https://twitter.com/mesaimalat,
173,METALIKS FACTORY,Russia - Novosibirsk,https://reg.iteca.kz/list/en/detailsfull.aspx?link=0x32c922aa790a934e9036322fec510d25,+79529383081,z-metaliks@bk.ru,z-metaliks.ru,https://www.instagram.com/zavod_metaliks/,,+79529383081,,https://www.youtube.com/watch?v=vuhGZeZrpig&list=PLtVP4Pbp4TPr020Kn8Zw4MfHKgfNGdeB9,metaliks_factory,VK: https://vk.com/zavod_metaliks,,
174,MILLENNIUM OVERSEAS,India - Morbi,https://reg.iteca.kz/list/en/detailsfull.aspx?link=0xae9221dc78e7454a823cd47eb052958b,"+91 9328220444, +91 9725544444",export2@romilimpex.net,www.millenniumtiles.com,millennium_tiles,Millennium Tiles,"+91 9328220444, +91 97235 20444",Millennium Tiles,,,,,
175,MINERALSTROYSERVICE,Kazakhstan - Zhitikara,https://reg.iteca.kz/list/en/detailsfull.aspx?link=0x8162bd396bc9787911ee3b70f3b3b38e,+7 708 395 36 92,mineralstroi@mail.ru,,@ecoline_decking,,+7 707 574 97 64,@ecoline_decking,,,,,
176,MIR PARKETA,Kazakhstan - Almaty,https://reg.iteca.kz/list/en/detailsfull.aspx?link=0x815fd72d4048f5ef11ee21fc385fe58e,+77780030863; +77715580799,info@mirparketa.kz,mirparketa.kz,https://www.instagram.com/mirparketa_kz,,"https://api.whatsapp.com/send/?phone=77780030863&text=,&app_absent=0",https://www.facebook.com/mirparketa.kz,https://www.youtube.com/@mirparketa1716,,,,
177,M-KONSTRUKTOR,Russia - Velikie Luki,https://reg.iteca.kz/list/en/detailsfull.aspx?link=0xa3a8986d6424ea48bf576498ea674f47,8 (81153) 6-10-05,info@m-konstruktor.ru,m-konstruktor.ru,https://www.instagram.com/mkonstruktor.ru,https://ru.linkedin.com/company/m-konstruktor,,https://www.facebook.com/MKonstruktorCompany,https://www.youtube.com/channel/UCo-yiMinD1Zl0JtnB2xRIpw,t.me/M_Konstruktor,VK: https://vk.com/m_konstruktor,,
178,MODALIGHT,Russia - Vladimir,https://reg.iteca.kz/list/en/detailsfull.aspx?link=0x2b3ff41a6304a340980d50b4b5194f0f,+7 902 888-44-30,hmelev@lightfabric.ru,lightfabric.ru,https://instagram.com/modalight.ru?igshid=MzRlODBiNWFlZA==,,+7 902 888-44-30,,,,,,
179,MOLDTECH,Spain - Seville,https://reg.iteca.kz/list/en/detailsfull.aspx?link=0x85d43b8edf9d4c4b91ea858bbd5402ff,+34637787506,olga@moldtechsl.es,www.moldtechsl.es,moldtech_sl,https://www.linkedin.com/company/moldtech-sl/,+34637787506,,https://www.youtube.com/c/MoldtechSL,,,,
180,NINGBO MINDE BUILDING MATERIALS CO.,China - Ningbo,https://reg.iteca.kz/list/en/detailsfull.aspx?link=0x54f99749a338ce42a754e2aea50a62b0,0086-13957475202,jodie@chinaminde.com,www.chinaminde.com,,,,,,,,,
181,МЕСА LTD,Kazakhstan - Almaty,https://reg.iteca.kz/list/en/detailsfull.aspx?link=0x8161cef8ebd4913f11ee3730fac3d028,+7 701 738 55 74,r.jandybaev@meca.kz,meca.kz,mesa_ltd,,+7 701 738 55 74,,mecaltd1584,+7 707 62 26 375,,,
182,NAMAVARAN POUYA CHASB CASPIAN,Iran - Qazvin,https://reg.iteca.kz/list/en/detailsfull.aspx?link=0x6256e234a0b9a848b8b3d87677034334,+971 501 59 59 48,info@porta-trade.com,https://porta-trade.com/,,https://www.linkedin.com/in/portatrade-trading-co-7a7bb725a?miniProfileUrn=urn%3Ali%3Afs_miniProfile%3AACoAAD_k0q8BKj3W1H2HoEXRVmgc81VWC3VLuw0&lipi=urn%3Ali%3Apage%3Ad_flagship3_search_srp_all%3Bgz%2B4d%2FzyS4%2BabtTLXb7Dlw%3D%3D,+971 501 59 59 48,,,+971 501 59 59 48,,,
183,NANJING FIBERGLASS RESEARCH & DESIGN INSTITUTE CO,China - Nanjing,https://reg.iteca.kz/list/en/detailsfull.aspx?link=0x30308cadf62efa4baa7201d9346e865a,+86 13605185730,419034343@qq.com,www.fiberglasschina.com,,,,,,,,,
184,"NANTONG KINGWAY COMPLEX MATERIAL CO.,LTD",China - Nantong,https://reg.iteca.kz/list/en/detailsfull.aspx?link=0x5de4cd0f36aa2d4b9940f25d9a2fc468,+8613813799788,terry@hekway.com,www.hekway.com,,,,,,,,,
185,NOVBYTKHIM,Russia - St.Petersburg,https://reg.iteca.kz/list/en/detailsfull.aspx?link=0x53feddaedc40984ca4eb8c7888366e22,+7 812 3223933,petrov@newchem.ru,newchem.ru,,,,,,,,,
186,ONVIZ,Russia - Kirov,https://reg.iteca.kz/list/en/detailsfull.aspx?link=0xea5cc8244581c84683f1b79d15b692c2,8 800 250 50 62,order@onviz.ru,karniz-onviz.ru,www.instagram.com/karniz_onviz/,,wa.me/79123301137,www.facebook.com/karnizonviz/,www.youtube.com/@Onviz,t.me/Onviz_bot,VK: https://m.vk.com/onviz,,+7(800)250-50-62
187,OPTIMAS GMBH,Germany - Saterland-Ramsloh,https://reg.iteca.kz/list/en/detailsfull.aspx?link=0x72978952807e9046acf643efb2d96f80,+494498-9242-0,e.spadi@optimas.de,www.optimas.de,https://www.instagram.com/optimas_pavingspecialist/,https://www.linkedin.com/company/optimas-maschinenfabrik-h-kleinemas-gmbh/,,https://www.facebook.com/optimas.de,https://www.youtube.com/user/Pavingspecialist,,,,
188,OZCELIK MAKINA SAN. TIC. A.S,Turkey - Istanbul,https://reg.iteca.kz/list/en/detailsfull.aspx?link=0x7f0687ec8c83ff4a92278bf6df38a20c,+902163042010,info@oz-machine.com,www.oz-machine.com,,,,,,,,,
189,LLC PK PROMIZ,Russia - Novosibirsk,https://reg.iteca.kz/list/en/detailsfull.aspx?link=0x6862c4af53a172478e1c72ccb177b6e6,+(383)300-04-04,promiz1@yandex.ru,www.рцпо.рф,Да,,,,Да,,VK: Да,,
190,PAN CREATIONS,India - Bhilwara,https://reg.iteca.kz/list/en/detailsfull.aspx?link=0x6885671f66e9ea40a3ee6b6a152f8bdc,+91-1482-242102,sunil@pancreationsindia.com,www.waferthinstone.com,https://www.instagram.com/pancreationsindia2004/,https://www.linkedin.com/in/pan-creations-india-9427b0272/,+919829046766,https://www.facebook.com/pancreationsindia2004,https://www.youtube.com/@PANCREATIONSINDIA-sw7ml,,,https://twitter.com/PanCreatio86094,
191,PANGU SEALING TECHNOLOGY CO.,"China - HeBei, XingTai",https://reg.iteca.kz/list/en/detailsfull.aspx?link=0x4531d2dd7b404a48801a6500f14ef0a6,+86 13930904639,pangusealing@126.com,,,,,,,,,,
192,PDK ZAVOD PODOKONNIKOV,Russia - Furmanov,https://reg.iteca.kz/list/en/detailsfull.aspx?link=0xd343a8761073324cacb6f724feb8f7ba,8-800-500-52-31,seller1@zavodpdk.com,заводпдк.рф,,,,,,,VK: https://vk.com/zavodpdk,,
193,PENOPLEX,Kazakhstan - Almaty,https://reg.iteca.kz/list/en/detailsfull.aspx?link=0xd3b5343dc6ee5749a17622681299d729,+7 727 390 08 12,kz@penoplex.ru,www.penoplex.ru,,,,,,,,,
194,PERFOGRAD,Russia - Voronezh,https://reg.iteca.kz/list/en/detailsfull.aspx?link=0xfec2b8dad7de824b8875651162133468,+7-960-135-78-91,,,,,,,,,,,
195,PERILAGLAVSNAB,Kazakhstan - Almaty,https://reg.iteca.kz/list/en/detailsfull.aspx?link=0xaf06f04470c34541a76923b49ee4cbf0,+77273102628,office@perilaglavsnab.ru,perilaglavsnab.kz,perilaglavsnab_kz,,,,,,,,
196,PJATY ELEMENT,Russia - Kaliningrad,https://reg.iteca.kz/list/en/detailsfull.aspx?link=0xf565f92fbde0594699d66e724307e09f,8-800-700-39-05,info@5element.biz,5element.biz,,,,,,,VK: https://vk.com/5elementbiz,,
197,PLANRADAR,United Arab Emirates - Dubai,https://reg.iteca.kz/list/en/detailsfull.aspx?link=0x6ec67d9a8cd829499169b5bc68f99b0a,+43 720 517 135,info@planradar.com,www.planradar.com,https://instagram.com/planradar?igshid=MzRlODBiNWFlZA==,https://www.linkedin.com/company/planradar/mycompany/,,,https://youtube.com/@PlanRadar,,,,
198,POLIMERMETALL-T,Kazakhstan - Konaev,https://reg.iteca.kz/list/en/detailsfull.aspx?link=0x8161cef8ebd4913f11ee3730fac3d027,+7 72772 4 52 62,"marketing_pmt@mail.ru, info@pm-t.kz, sales_pmt@mail.ru",www.pm-t.kz,,,,,,,,,
199,POLYGAL VOSTOK,Russia - Kurovskoye,https://reg.iteca.kz/list/en/detailsfull.aspx?link=0x858fb32a112c7343a5fb8e6475c001bb,+7 4964 11 90 00,vostok@polygalvostok.com,www.polygalvostok.ru,https://www.instagram.com/polygal.vostok/,,+79165881263,https://www.facebook.com/Polygal.vostok,https://www.youtube.com/@user-vj2zp9yb5m,https://t.me/polyagalvostok,VK: https://vk.com/polygalvostok,,
200,POYATOS,Spain - Granada,https://reg.iteca.kz/list/en/detailsfull.aspx?link=0x062de877e6e18b43a4891fcba43bd2c5,+34 958 466990,poyatos@poyatos.com,www.poyatos.com,,,,https://www.facebook.com/PoyatosBloqueras/,https://www.youtube.com/c/BloquerasPoyatos,,,,
201,PRENSOLAND S.A,Spain - Sant Marti de Centelles,https://reg.iteca.kz/list/en/detailsfull.aspx?link=0xbb5005213e503947bb1182e3e108a35b,+34 938440125,contact@prensoland.com,www.prensoland.com,http://instagram.com/prensoland,https://www.linkedin.com/company/prensoland-s-a-/?viewAsMember=true,,https://www.facebook.com/PRENSOLAND/,https://www.youtube.com/user/PRENSOLAND/videos?view=0&shelf_id=4&sort=p,,,https://twitter.com/prensoland?lang=es,
202,PRINZING PFEIFFER GMBH,Germany - Limburg an der Lahn,https://reg.iteca.kz/list/en/detailsfull.aspx?link=0x0a33e8f88ceedf4689ccb393429b5b6b,+492736497611,info@prinzing-pfeiffer.com,www.prinzing-pfeiffer.com,,https://www.linkedin.com/company/prinzing-pfeiffer,,,https://www.youtube.com/channel/UC6Jkll1GASGosMEdObO5DBw,,,,
203,PROFHOLOD,"Russia - Moscow region, Schelkovo",https://reg.iteca.kz/list/en/detailsfull.aspx?link=0xc12bc7e899d6f342a6d43d40f5e03e44,8-800-700-01-37,info@profholod.ru,profholod.ru,https://www.instagram.com/profholod_official/,https://www.linkedin.com/company/29355893/,+7-925-745-0137,https://www.facebook.com/profpanel,https://www.youtube.com/channel/UCz_A-CwqFm333I5iQ85VOoA,@profholodnews,,,+7-925-745-0137
204,PROFIGIPSBEL,Belarus - Minsk,https://reg.iteca.kz/list/en/detailsfull.aspx?link=0xa4a2c91f917b594f92e5804668cbac67,+375293777552,andrei@profigips.com,www.profigips.by,profigips_bel,,,,,,,,
205,PROFIL HOUSE ALMATY,Kazakhstan - Almaty,https://reg.iteca.kz/list/en/detailsfull.aspx?link=0xf41a5284b9f9bc48964daa773aa57853,+7 727 394 12 90,info-pha@mail.ru,,,,,,,,,,
206,PROFINE RUS,Russia - Moskow,https://reg.iteca.kz/list/en/detailsfull.aspx?link=0x9ac45bc975c61e46bba5d79bc4938a22,+7 495 232 9330,ad@profine-group.com,"profine-group.ru, kbe.ru, kommerling.ru",,,,,https://www.youtube.com/user/profineGroup,https://t.me/profineRUS,VK: https://vk.com/club33364703,,
207,PROGRESS GROUP,Germany - Frankfurt am Main,https://reg.iteca.kz/list/en/detailsfull.aspx?link=0x70319a0b2ce0f14fae45ff99f718144a,+393428328094,info@progress.group,www.progress.group,https://www.instagram.com/progress.group_,https://www.linkedin.com/company/progressgroup-info/,,https://www.facebook.com/progressgroup.info,https://www.youtube.com/channel/UCotDXAOSOWFCarNoD_f5ycA,,,,
208,PROMISHLENNIK,"Russia - Moscow region, Lyuberetsky district, village Kraskovo",https://reg.iteca.kz/list/en/detailsfull.aspx?link=0x8160e9aa7a0cc79311ee2d013803626b,+7 928 202 44 24,zueva@prom23.ru,prom23.ru,@prom23.ru,,+7 928 202 44 24,https://www.facebook.com/llc.prom23.ru,https://www.youtube.com/@prom23ru,+7 928 202 44 24,,,+7 928 202 44 24
209,PROMKOMPLEKT-B,Kazakhstan - Almaty,https://reg.iteca.kz/list/en/detailsfull.aspx?link=0x8162bd396bc9787911ee3b62271d05fc,+77712181018,sales.skb57@gmail.com,promkomplekt-b.kz,stroykomplektb,,+77712181018,STROYKOMPLEKT-B,,,,,
210,PROMSTAL LLC,Russia - poselok Medvedovo,https://reg.iteca.kz/list/en/detailsfull.aspx?link=0x1ada50f6d13d8e4a8066a83fdd6d0d79,+7-987-710-53-93,kova1289@mail.ru,kova-doors.ru,,,,,,,,,
211,PROMTORG LLC,"Russia - Gatchina, Leningrad Region",https://reg.iteca.kz/list/en/detailsfull.aspx?link=0xfe75a88125b99642a5c75fbd801cb232,+7 812 3093538,info@ptpz.ru,ptpz.ru,,,,,,,,,
212,TECHMATIK,Poland - Radom,https://reg.iteca.kz/list/en/detailsfull.aspx?link=0x12757f18143c0e49849b2776fa7b9f19,+48483690886,sales@techmatik.com,techmatik.com,https://www.instagram.com/techmatik_poland/,https://pl.linkedin.com/company/techmatiksa,,https://www.facebook.com/TechmatikSA,https://www.youtube.com/@techmatikpoland,,,https://twitter.com/TechmatikSA,
213,QAZAQ WATERPROOFING COMPANY,Kazakhstan - Almaty,https://reg.iteca.kz/list/en/detailsfull.aspx?link=0xe918467821508048b88f8279c08ce36d,+7 727 310 84 71,kla@qwc.kz,qwc.kz,,,,,,,,,
214,QUANZHOU DIALEAD STONE TOOLS CO.,China - Quanzhou,https://reg.iteca.kz/list/en/detailsfull.aspx?link=0x2fdd97fa30a9f34fb3d1cdc3aee3a4f1,+86 13599774558,diors@china-stonemachines.com,www.china-stonemachines.com,,,,,,,,,
215,QUANZHOU ZHONGZHI NEW MATERAIL TECHNOLOGY CO.,China - Quanzhou,https://reg.iteca.kz/list/en/detailsfull.aspx?link=0x6130f908f669a2428ab42f142d81f004,008613808542263,catherineoy@zhongzhi.biz,www.zhongzhi.biz,,,,Catherine Ouyang,,,,,
216,RECHITSA METIZNY PLANT,"Belarus - Rechitsa, Gomel region",https://reg.iteca.kz/list/en/detailsfull.aspx?link=0x8160e9aa7a0cc79311ee34df299d2521,"6-36-83, 6-52-35, 6-34-87",info@rmz.by,www.rmz.by,,,,,,,,,
217,REKERS GMBH,Germany - Spelle,https://reg.iteca.kz/list/en/detailsfull.aspx?link=0x879d8a9d2adf3549ab6879390106bb72,+49 5977 936-0,info@rekers.de,www.rekers.de,https://www.instagram.com/rekersgmbh/,https://www.linkedin.com/company/rekers,+4915120955549,https://www.facebook.com/profile.php?id=100063669293015,https://www.youtube.com/@RekersEDV,+4915120955549,,,+4915120955549
218,RESIMART,Spain - Chiva,https://reg.iteca.kz/list/en/detailsfull.aspx?link=0x28d99d77ce9030499b7a8c2470749150,+ 34 962 520 291,comercial@resimart.com,www.resimart.com,,https://es.linkedin.com/company/exclusivas-resimart-ib%C3%A9rica-s-l-,,https://www.facebook.com/p/Resimart-100069792683624/,https://www.youtube.com/@Resimart,,,,
219,ROBEN,Kazakhstan - Almaty,https://reg.iteca.kz/list/en/detailsfull.aspx?link=0x6358f58de1eb914a96102ae7f3c53569,+372 545 40 585,info@roben.asia,www.roben.asia,Roben.Asia,,+372 5454 0585,,,https://t.me/Roben_ASIA_bot,,,
220,RODER GROUP TURKEY,Turkey - Istanbul,https://reg.iteca.kz/list/en/detailsfull.aspx?link=0x7fba4a5895f69b4699708d676b619795,+90 216 340 89 10,satis@roder.com.tr,www.roder.com.tr,https://www.instagram.com/roder_group_turkiye/,https://www.linkedin.com/company/roderturkey,,,,,,,
221,RODNIKI-LITYE,"Russia - Ivanovo region, Shuisky district, Ostapovo village",https://reg.iteca.kz/list/en/detailsfull.aspx?link=0xf9c6eaa158a83f4b82b832dfa996755f,+79644921492,vyahirev@inhaco.ru,inhaco.ru,,,,,,,,,
222,ROLLFORMING,Belarus - Minsk,https://reg.iteca.kz/list/en/detailsfull.aspx?link=0x07015e2a37eaf745bba11905306e3900,+375173457645,,rollforming.by,,,,,,,,,
223,LLP STEKLO SERVICE,Kazakhstan - Uralsk,https://reg.iteca.kz/list/en/detailsfull.aspx?link=0xfe3e7c16a46c474da5efdcdd08064882,+7058140374,gulnisaizimber@gmail.com,steklo-service.kz,,,,,,,,,
224,QUANZHOU CITY SANLIAN MACHINERY MANUFACTURE CO.,China - Quanzhou,https://reg.iteca.kz/list/en/detailsfull.aspx?link=0xa9eaf3ab48c8ce468bb12d195a217cfa,+86-595-86789998,Jerry@sl-machine.com,www.sl-machine.com,,,,,,,,,
225,S POLYTECH,Korea - Seoul,https://reg.iteca.kz/list/en/detailsfull.aspx?link=0x8aae77080510084f92e75162ab47f9c1,+8225726996,"hblee@spolytech.com, cykim@spolytech.com",www.spolytech.com,,,,,,,,,
226,SABO S.A.,Greece - Vassiliko,https://reg.iteca.kz/list/en/detailsfull.aspx?link=0xaccc2bc53564084d952986e9f2ebed1c,+302221051805,YGurovanov@sabo.gr,www.sabo.gr,,https://www.linkedin.com/company/sabo-sa,,https://www.facebook.com/SABO.Greece,https://www.youtube.com/user/SaboGr,,,,
227,SANSTONE,Kazakhstan - Almaty,https://reg.iteca.kz/list/en/detailsfull.aspx?link=0xa9824fcee1bc7240ac221ed0c86949b1,+7 777 485 4955,info@sanstone.pro,www.sanstone.pro,@sanston.kz,,+7 777 485 4955,SanStone KZ,,SanStone KZ,,,
228,SATEC,Russia - Ekaterinburg,https://reg.iteca.kz/list/en/detailsfull.aspx?link=0x206ed8fdbee4484b830bbbe0a43f91b0,+79920038556,info@satecmix.ru,www.satecmix.ru,,,,,https://www.youtube.com/@satecmix,,,,
229,SCHECHTL,Germany,https://reg.iteca.kz/list/en/detailsfull.aspx?link=0x15f40be7b936944abafe25d03de0b8a5,,,,,,,,,,,,
230,SCHNELL SPA,Italy - Colli al Metauro,https://reg.iteca.kz/list/en/detailsfull.aspx?link=0xf227c1c405217c47b92bc60c7328b72a,+390721878711,marketing@schnell.it,www.schnell.it,https://www.instagram.com/schnell_spa/,https://www.linkedin.com/company/3149715,,https://www.facebook.com/Schnellspa/,https://www.youtube.com/user/SchnellSpa,,,https://twitter.com/SchnellSpa,
231,SEKIZLI CRANE & MACHINE,Turkey - Konya,https://reg.iteca.kz/list/en/detailsfull.aspx?link=0xa57f0fc37ce0e94a8559eab280608532,+903324447595,export@sekizli.com.tr,www.sekizli.com.tr,,,,,,,,,
232,SEVEN KEYS COMPANY,Kazakhstan - Almaty,https://reg.iteca.kz/list/en/detailsfull.aspx?link=0xa6711a6f0e76a942986ea7e637d5609d,"8 727 220 6005, 8 705 773 10 30, 8 701 783 03 71, 8 707 681 76 20",info@7keys.kz,mykey.kz,mykey.kz,,8 701 783 03 71,,,,,,
233,SHANDONG LOTUSH INTERNATIONAL TRADING CO.,China - Jinan City,https://reg.iteca.kz/list/en/detailsfull.aspx?link=0xa5f80c96a7857a478409d87cbd3d33e4,+86 15666012034,Flynn@sd-lotush.com,www.lotush.en.alibaba.com,,,,,,,,,
234,SHANDONG RONGSHENG STEEL PLATE  CO.,China - Shandong,https://reg.iteca.kz/list/en/detailsfull.aspx?link=0x9ea3ae034acdd048bdf27abadbd5ff64,+86-13581169135,691592152@qq.com,www.rongshengsteel.com,,,,,,,,,
235,SHANDONG SINO WOOD CO.,China - Jinan,https://reg.iteca.kz/list/en/detailsfull.aspx?link=0xe1b492d4cb07b747b4e9ab5ebf61da6b,+86 15564158130,renie@ugfloor.com,www.yongsenfloor.com,,,+86 15564158130,,,,,,
236,SHANGHAI SHUODE BUILDING MATERIALS CO.,China - Shanghai,https://reg.iteca.kz/list/en/detailsfull.aspx?link=0x19f97b11d6520d4bb730e01b1b060bbf,+8602138910099/+8615021391690,monica.zhu@shuode.cn,www.shuodeadhesive.com,https://www.instagram.com/shuodeadhesives/,,+8615021391690,https://www.facebook.com/shuodepufoam,,,,,
237,SHAOXING SMARTECH  MACHINERY MANUFACTURING CO.,China - Zhejiang,https://reg.iteca.kz/list/en/detailsfull.aspx?link=0x105fdf80432eab4a951fd91a6e0a2fd9,86-575-81162787,smartech@chinasmartech.com,www.smtrollforming.com,,,,,,,,,
238,SHENGHONGRUI (TIANJIN) IMPORT AND EXPORT TRADING CO.,China - Tianjin,https://reg.iteca.kz/list/en/detailsfull.aspx?link=0x921f1fd06eac4e4e9d3a96d9bbf35f8d,86-22-58092377,sales4@zgrivet.com.cn,zhangang.en.alibaba.com,,,,,,,,,
239,SHTURM-KAZAKHSTAN,Kazakhstan - Almaty,https://reg.iteca.kz/list/en/detailsfull.aspx?link=0xe8f613032d25494b83989c82c78e8a89,+77086880110,ropkz02@sturmtools.kz,sturmtools.ru,,,,,https://www.youtube.com/channel/UCbAaWEOLmr69QvfAF32vaAg,https://t.me/sturmtoolslab,VK: https://vk.com/sturmtoolslab,,
240,"SIBIRSKAY ARMATURA, LTD",Russia - Omsk,https://reg.iteca.kz/list/en/detailsfull.aspx?link=0x8162bd396bc9787911ee3b62271d05fb,+7 904 827 16 88,sibarmatura@gmail.com,sibarmatura.com,,,,,,,,,
241,SIMEM,Italy - Minerbe (VR),https://reg.iteca.kz/list/en/detailsfull.aspx?link=0x402aeecd967f4b42a9cd3cd2c944ab76,+39 0442 640014,info@simem.com,www.simem.com,https://www.instagram.com/simemworldwide/,https://www.linkedin.com/company/simem-s-p-a-/,,https://www.facebook.com/simemgroup/,,,,,
242,SINAX (YATAY KAPI PENCERE LTD.STI.),Turkey - Istanbul,https://reg.iteca.kz/list/en/detailsfull.aspx?link=0x44eb479150d41942b5b11f67562e53f9,00902126717380,iozgur@sinax.com.tr,www.sinax.com.tr,sinaxsineklik,,,sinax sineklik sistemleri,sinax sineklik,,,,
243,SL SYSTEM,Russia - Novosibirsk,https://reg.iteca.kz/list/en/detailsfull.aspx?link=0xe0a3620d9d29aa42a60397ae8df35ccd,"+ 7 (383) 209-14-88, +7 (383) 375-58-80",sale@smartfasad.com,lp.smartfasad.com,,,,,,,,,
244,SLGROUP,Russia - Novosibirsk,https://reg.iteca.kz/list/en/detailsfull.aspx?link=0x5f230cdc5f621d48833314e8e48c0a05,89139574533,k.ignatov@slgrp.ru,slgrp.ru,,,,,,,,,
245,SLOVO I DELO KZ,Kazakhstan - Astana,https://reg.iteca.kz/list/en/detailsfull.aspx?link=0x8161cef8ebd4913f11ee3730fac3d036,+7 701 513 70 54,,,https://instagram.com/vitrazastana?igshid=YmMyMTA2M2Y=,,+77015137054,,,,,,
246,SMART CONSTRUCTION,Kazakhstan - Almaty,https://reg.iteca.kz/list/en/detailsfull.aspx?link=0x76e9858328d86d4ca9559d279c243cba,+7 727 393 99 00,smartconstruction.kz@gmail.com,smartconstruction.kz,,,,,,,,,
247,SMART SECURITY SYSTEMS,Kazakhstan - Almaty,https://reg.iteca.kz/list/en/detailsfull.aspx?link=0xf11e38b792e35f40bc555ea2dc74d12b,+77026528014,m-novikov@smartsecurity.kz,www.smartsecurity.kz,,,,,,,,,
248,SOMMER PRECAST TECHNOLOGY,Germany - Altheim,https://reg.iteca.kz/list/en/detailsfull.aspx?link=0x577a20a480196d4998eedfa78b7d8b3f,+49 8703 98910,info@sommer-precast.de,www.sommer-precast.de,,https://www.linkedin.com/company/sommer-precast-technology?trk=ppro_cprof,,,,,,,
249,SPARTEN,"India - Morbi, Gujarat",https://reg.iteca.kz/list/en/detailsfull.aspx?link=0x390b319b2597e7439c1d623872b90c5f,+91 9106637217,export@spartengranito.com,www.spartengranito.com,spartengranito,,+91 9106637217,Sparten Granito,,,,,+91 9106637217
250,SPEKTR,Russia,https://reg.iteca.kz/list/en/detailsfull.aspx?link=0x8162bd396bc9787911ee3b768a2d0fe6,,,,,,,,,,,,
251,SR-SCHINDLER MASCHINEN-ANLAGENTECHNIK GMBH,Germany - Regensburg,https://reg.iteca.kz/list/en/detailsfull.aspx?link=0xbce2b615a9e69d41927185a01854dc7e,+49 941 69682 0,info@sr-schindler.com,www.sr-schindler.com,,https://www.linkedin.com/company/sr-schindler,,,https://www.youtube.com/channel/UC81cI_Ke1fkg4KHLTQIOjlg,,,,
252,STABILA,Germany,https://reg.iteca.kz/list/en/detailsfull.aspx?link=0x8162bd396bc9787911ee3b70f3b3b389,,,,,,,,,,,,
253,STARK ALPHA,Kazakhstan - Almaty,https://reg.iteca.kz/list/en/detailsfull.aspx?link=0x685f127ca20182489960284dde923414,+7 727 9715463,zakup@starka.nl,,,,,,,,,,
254,STARK CHEMIE,Kazakhstan - Almaty,https://reg.iteca.kz/list/en/detailsfull.aspx?link=0xc26ef69c37b70c4785a87fc8f44e58b6,+7 707 502 22 25,g.bayramov@starkchemie.com,www.starkchemie.com,,,,,,,,,
255,STEKLOPLAST,Russia - Volzhsky,https://reg.iteca.kz/list/en/detailsfull.aspx?link=0x8162bd396bc9787911ee3b222e56a8d3,8 (800) 222-72-54,info@stekloplast34.ru,stekloplast34.ru,,,,,,,,,
256,STROIKA.KZ,,https://reg.iteca.kz/list/en/detailsfull.aspx?link=0x7505946eac61d0498b7ff3fca12c30e4,,,,,,,,,,,,
257,STROY INFO,Russia,https://reg.iteca.kz/list/en/detailsfull.aspx?link=0x96c49e2fa94ab040a09ad76ee80539cb,,,,,,,,,,,,
258,STROYNET,Russia - Lipetsk,https://reg.iteca.kz/list/en/detailsfull.aspx?link=0x8160e9aa7a0cc79311ee2f4fdc96673d,+7-474-255-31-75,info@waterinpanel.com,teplopanel.com,,,,,,,,,
259,STROYSERVICE,Russia - Alexandrov,https://reg.iteca.kz/list/en/detailsfull.aspx?link=0xdeed717294203345b086e6ed23f19fd5,+7-903-718-88-25,sale@svk-plast.ru,svk-plast.ru,,,+7-903-718-88-25,,,,,,
260,SULI HARDWARE TECHNOLOGY,China - Jiangsu,https://reg.iteca.kz/list/en/detailsfull.aspx?link=0xee9f8dfb585947468357b8f3fe1764b2,+86-13094677773,nina@kocmoc.cn,www.kocmoc.cn,,,+8613094677773,,,,,,
261,SUNLONG,Kazakhstan - Almaty,https://reg.iteca.kz/list/en/detailsfull.aspx?link=0x8161cef8ebd4913f11ee3730fac3d029,+7 727 243 53 46,sunlong@bk.ru,www.sunlong.kz,,,,,,,,,
262,SVETLYI GOROD LLC,Russia - Moscow,https://reg.iteca.kz/list/en/detailsfull.aspx?link=0x8162972d8511bb3911ee4b040720a241,"+7-495-649-66-89, +7-499-113-46-37, +7-499-703-44-24,  доб.100","info@sw-g.ru, swg-shop@swgshop.ru",swgshop.ru,,,,,,,,,
263,SLOPLAST,Russia - St.Petersburg,https://reg.iteca.kz/list/en/detailsfull.aspx?link=0x8162bd396bc9787911ee3b62271d05f8,+7-812- 458-59-47,info@sloplast.ru,sloplast.ru,,,,,,,,,
264,JIANGSU TEEYER INTELLIGENT EQUIPMENT CORP.,China - Changzhou,https://reg.iteca.kz/list/en/detailsfull.aspx?link=0x283f251d69f0ac468fed262d53390b69,+86-519-85967377,sales@teeyer.com,teeyer-global.com,,,,,,,,,
265,TAGIL STEEL,Russia - Nizhny Tagil,https://reg.iteca.kz/list/en/detailsfull.aspx?link=0x3b001b991140554e81f7feeb8fb3c80d,+7 343 549 57 00,trade@tagil-steel.ru,www.tagil-steel.ru,,,,,,,VK: https://vk.com/tagil_steel,,
266,TALLERES FELIPE VERDES S.A.,Spain - Vilanova del Cami,https://reg.iteca.kz/list/en/detailsfull.aspx?link=0x8162bd396bc9787911ee3b60ad69bfb9,+34-938-06-06-06,,verdes.com,,,,,,,,,
267,TANGENS,Kazakhstan - Almaty,https://reg.iteca.kz/list/en/detailsfull.aspx?link=0xe406846ac98e2349a76823add59cd080,7-727-387-99-63,tangens_ltd@mail.ru,,,,,,,,,,
268,TANGSHAN JUNQIAO HARDWARE TOOLS MANUFACTURE CO.,China - Tangshan,https://reg.iteca.kz/list/en/detailsfull.aspx?link=0xdbfc0692a913a946ae1ab160a4dba355,86-315-4118791,tsjqwj@163.com,tsjqwj.en.alibaba.com,,,,,,,,,
269,TEHNOSVAR,"Russia - Pskov reg., Pskov distr., Neelovo-1 village",https://reg.iteca.kz/list/en/detailsfull.aspx?link=0x4e2e438986c97a4e93625fa629d0f44b,+79113900178,market1@tehnosvar.ru,tehnosvar.ru,,,,,https://www.youtube.com/channel/UCB3pwSnEV7_smZ0V7lavwJg,,,,
270,TEKA MASCHINENBAU GMBH,Germany - Edenkoben,https://reg.iteca.kz/list/en/detailsfull.aspx?link=0xe6d18fc117f68f4aaf55684a41fdad9d,+49 6323 809-0,info@teka-maschinenbau.de,www.teka.de,,,,,,,,,
271,TEST INSTRUMENTS,Kazakhstan - Almaty,https://reg.iteca.kz/list/en/detailsfull.aspx?link=0x80d7ff1de0fd9f4a918c6dfd60ced3ba,+77273799955,info@ti.kz,"www.pribor.kz, www.ti.kz",https://www.instagram.com/pribor.kz/,https://www.linkedin.com/company/test-instruments-ltd/,,https://www.facebook.com/test.instruments.kz/,https://www.youtube.com/channel/UCzN9gLx5Lb7pd9gQh6_6iKw/,,VK: https://vk.com/priborkz,,
272,TESTING,Germany - Berlin,https://reg.iteca.kz/list/en/detailsfull.aspx?link=0x6146cb8802d2f543894af86434429e6d,+493071096450,info@testing.de,www.testing.de,,https://www.linkedin.com/company/testing-bluhm-feuerherdt-gmbh,,,https://www.youtube.com/c/TESTINGBluhmFeuerherdtGmbH,,,,
273,TETRAKOMPOZIT,Russia - Volgograd,https://reg.iteca.kz/list/en/detailsfull.aspx?link=0x8162bd396bc9787911ee3b222e56a8d4,+7-902-362-93-37,canall@mail.ru,"Планетныйэколог.рф, Planetaryecologist. com",,,,,,,,,
274,TILEKRAFT,Russia - Krasnodar,https://reg.iteca.kz/list/en/detailsfull.aspx?link=0xa6d16b63fa81884288979dc6b2ebb65d,+78002221578,fadeev.k@tilekraft.ru,tile-kraft.com,Instagram https://instagram.com/tile_kraft?igshid=Zjc2ZTc4Nzk=,,,,https://www.youtube.com/@tilekraftllc/featured,,VK: https://vk.com/tilekraftvk,,
275,TIMBERSTONE,Kazakhstan - Almaty,https://reg.iteca.kz/list/en/detailsfull.aspx?link=0x815fd72d4048f5ef11ee213cab6832f5,+7-727-326-99-26,store@timberstone.kz,timberstone.kz,timberstone_parket_kz,,+7-771-750-99-26,Timberstone KZ,https://www.youtube.com/channel/UCMnM80FocOxzvWEVW6yGJtA,,,,
276,TOP-WERK GMBH,Germany - Burbach- Wahlbach,https://reg.iteca.kz/list/en/detailsfull.aspx?link=0x65b25c3bfe4a5f4b9cf74ec635439950,+49 2736 4976 0,info@topwerk.com,www.topwerk.com,,https://www.linkedin.com/company/topwerk-group,,,https://www.youtube.com/channel/UCTbIMcPz4uXOid6jMUNinCQ/videos,,,,
277,TRI,Russia - Moscow,https://reg.iteca.kz/list/en/detailsfull.aspx?link=0x5db44ab8448c6c40bdc7965085424f80,+7 495 211-33-31,info@tricompany.ru,tricompany.ru,@tri_company_official,,,,https://www.youtube.com/@TRI_official_channel,https://t.me/tricompanyru,VK: https://vk.com/tricompany,,
278,TRIADOORS,Russia - Alexandrov,https://reg.iteca.kz/list/en/detailsfull.aspx?link=0xc2fc0241d95f2e42b9ec93c4f5559bdb,+7 (495) 431 99 77,opttriadoors@gmail.com,triadoors.ru,,,,,,,,,
279,TSSP KAZAKHSTAN,Kazakhstan - Astana,https://reg.iteca.kz/list/en/detailsfull.aspx?link=0x46ce8fd83adbbd4181101a1afd20d2d3,+7 (7172) 55 44 00,office@tssp.kz,tssp.kz,https://www.instagram.com/tssp.kz/,,https://wa.me/77019628410,,https://www.youtube.com/@tssp_kz,,,,
280,URALHIMSORB,Russia - Perm,https://reg.iteca.kz/list/en/detailsfull.aspx?link=0x6ecb7fda597fbf43bace90417085fd63,"+7 342 207 69 67, +7912 88 777 90",uralhimsorb@uralhimsorb.ru,Uralhimsorb.ru,,,,,,,,,
281,URALVENT,Russia,https://reg.iteca.kz/list/en/detailsfull.aspx?link=0x8162bd396bc9787911ee3b768a2d0fe5,,,,,,,,,,,,
282,UZENS,"Russia - Republic of Bashkortostan, Ufa",https://reg.iteca.kz/list/en/detailsfull.aspx?link=0xb6431ec1da870d46af40b4b8055088d6,+7 (967) 555-04-46,info@stairs-light.ru,www.uzens.ru,,,,,,,,,
283,220 VOLT,Russia - Neftekamsk,https://reg.iteca.kz/list/en/detailsfull.aspx?link=0xeeec790346889d46bb3d6799c38fee0e,+7 (34783) 700-18,info@220ufa.com,www.220prof.ru,https://instagram.com/220ufa.ru?utm_source=qr&igshid=MzNlNGNkZWQ4Mg%3D%3D,,,,,https://t.me/www220ufaru,VK: https://vk.com/volt220ufa,,
284,VAW,Russia - Волжский,https://reg.iteca.kz/list/en/detailsfull.aspx?link=0x1201addbe1d92a428ae8ab2232dcede8,8 (8443) 52-53-30,instrument@vabz.ru,www.vabz.ru,,,,,,t.me/tvc_vabz,,,
285,VEGA,Russia,https://reg.iteca.kz/list/en/detailsfull.aspx?link=0x8162bd396bc9787911ee3b768a2d0fe3,,,,,,,,,,,,
286,VEGA YAPISAL URUNLER SAN VE TIC AS,Turkey - Istanbul,https://reg.iteca.kz/list/en/detailsfull.aspx?link=0xeac7722fb8544b4e91174bcdbb39f215,+90 212 289 00 11,zabit@idealkabin.com.tr,www.idealkabin.com.tr,,,+90 530 393 7374,,,,,,
287,VIFESA,Spain - Talavera De La Reina,https://reg.iteca.kz/list/en/detailsfull.aspx?link=0xe338bc344f98774a8d59f461e1f6d3f5,"925802378, 925803570","lmvifesa@vifesa.es,  edfvifesa@vifesa.es",www.vifesa.com,https://www.instagram.com/fabricadosindustriales_vifesa/?hl=es,https://es.linkedin.com/company/fabricados-industriales-vifesa,+34 617402475,https://www.facebook.com/fabricadosindustrialesvifesa/,https://www.youtube.com/@VifesaSL,+34 617402475,,,+34 617402475
288,VIP-MAF,Kazakhstan - Almaty,https://reg.iteca.kz/list/en/detailsfull.aspx?link=0x5e1ef6266bba0b449fcd2e516626bdad,+7 705 999 9868,vip-maf@mail.ru,www.vip-maf.kz,https://instagram.com/vipmaf_kz?igshid=YmMyMTA2M2Y=,-,+77059999868,https://www.facebook.com/vipmafKZ?mibextid=ZbWKwL,-,+77059999868,VK: -,-,-
289,VISITOR SERVICE OFFICE,,https://reg.iteca.kz/list/en/detailsfull.aspx?link=0x8162bd396bc9787911ee3cb3a1b4833c,,,,,,,,,,,,
290,VLADIMIRSKIE  MASTERA,Russia - Vladimir,https://reg.iteca.kz/list/en/detailsfull.aspx?link=0x9fff115e6ee4484d998cbbf3537537d7,+79996128813,info@artvm.ru,www.artvm.ru,,,89996128813,,,@IVKovalchyk,,,89996128813
291,VOLGA PLANT OF TEXTILE MATERIALS,"Russia - Volzhsky, Volgograd region",https://reg.iteca.kz/list/en/detailsfull.aspx?link=0xaa562a00be7f2f47bc6d54b546645c3e,+7-8443-21-11-46,"infantev_vm@vati-vztm.com, vztm@vati.ru","vati-vztm.com, vztm-temac.ru",,,,,,,,,
292,VOLLERT ANLAGENBAU GMBH,Germany - Weinsberg,https://reg.iteca.kz/list/en/detailsfull.aspx?link=0xef02e4af471c8d43aebc5286bd6181f1,+49 7134 52 246,precast@vollert.de,www.vollert.de,https://www.instagram.com/vollertanlagenbau/,https://www.linkedin.com/company/3850408,,https://www.facebook.com/people/Vollert-Anlagenbau-GmbH/100064088795411/,https://www.youtube.com/vollertprecast,,,https://twitter.com/vollertanlagen,
293,VSO PROFIL,Kazakhstan - Almaty,https://reg.iteca.kz/list/en/detailsfull.aspx?link=0x4845bc0a28c6874caa78cca26142035c,+7(702)255 35 28,sales@vsoprofil.com,vsoprofil.com,https://www.instagram.com/vsoprofil/,,https://wa.me/send?phone=87022553528,https://www.facebook.com/vsoprofil/,https://www.youtube.com/c/ВСОПрофиль,https://t.me/vsoprofil_official,VK: https://vk.com/vsoprofil,,
294,WECKENMANN ANLAGENTECHNIK GMBH & CO. KG,Germany - Dormettingen,https://reg.iteca.kz/list/en/detailsfull.aspx?link=0xdd9ee091f0ac3b4fa178a563eb85447d,+49 7427 94930,info@weckenmann.de,www.weckenmann.com,https://www.instagram.com/weckenmann.anlagentechnik,https://www.linkedin.com/company/weckenmannanlagentechnik,,https://www.facebook.com/WeckenmannAnlagentechnik,https://www.youtube.com/weckenmannanlagentechnik,,,,
295,WEHRHAHN,Germany - Delmenhorst,https://reg.iteca.kz/list/en/detailsfull.aspx?link=0x5778569cd8ee2445a275cc35f57fb958,+49 (4221) 1271-0,mail@wehrhahn.de,www.wehrhahn.de,,https://www.linkedin.com/company/wehrhahn-gmbh,,,https://www.youtube.com/channel/UCeCRAYG9ZRqEvd5l1oqa55g,,,,
296,WEIFANG YUZHAN ENTERPRISE CO.,China - Weifang,https://reg.iteca.kz/list/en/detailsfull.aspx?link=0x2cbb91c3b4387e48917a7ee216a41dac,0086-13605363334,angie06@163.com,www.yuzhan-enterpri se.com,,,,,,,,,
297,WEISS CHEMIE + TECHNIK GMBH & CO. KG,Germany - Haiger,https://reg.iteca.kz/list/en/detailsfull.aspx?link=0x9f25ea12e144004d9ffa56c53dd1bcff,+4927738150,ks@weiss-chemie.de,www.weiss-chemie.com,https://www.instagram.com/weiss_chemie_haiger/,https://www.linkedin.com/company/weiss-chemie-technik/mycompany/,,,https://www.youtube.com/user/WeissChemieTV,,,,
298,WESDOM FLOW CONTROL CO.,China - Henan,https://reg.iteca.kz/list/en/detailsfull.aspx?link=0x8e7f713912eb344aac9d43267c61ff67,86-19337169166,sales010@hawsd.com,www.wsdvalve.com,,,,,,,,,
299,YIWU WALL-KING TRADING CO,China - Yiwu,https://reg.iteca.kz/list/en/detailsfull.aspx?link=0x32568a9bc84e37408de8d821b1648a13,+86 18715321019,sales04@wall-kinggroup.com,www.linmodecor.com,,,,,,,,,
300,XIAMEN SRS TRADING CO.,China - XIAMEN,https://reg.iteca.kz/list/en/detailsfull.aspx?link=0x19bb25e82e08f845aae14f4bf13535c0,86-592-3277275,info@xiamensrs.com,www.srsstone.com,,,,,,,,,
301,XIAMEN YINGLIANG STONE CO.,China - Xiamen,https://reg.iteca.kz/list/en/detailsfull.aspx?link=0x68a165c7a0996144807c3cd001554574,0086-592-6024097,yingliangstone@yingliang.com,www.yingliang.com,,,,,,,,,
302,XUZHOU LARA IMPORT & EXPORT CO.,China - Xuzhou,https://reg.iteca.kz/list/en/detailsfull.aspx?link=0x40573302494c194da3d67155d872381b,86-516-86499888,kurtfeng@rilico.com,www.rilico.com,,,,,,,,,
303,YANCHENG KEBO HYDRAULIC MACHINERY MANUFACTURING CO.,China - Jiangsu,https://reg.iteca.kz/list/en/detailsfull.aspx?link=0x5febea9f038b174b8692b8516feb858a,86-15105109068,kebotilemachine@126.com,www.tilemachine.com.cn,,,,,,,,,
304,YELLOW PAGES OF KAZAKHSTAN,Kazakhstan - Almaty,https://reg.iteca.kz/list/en/detailsfull.aspx?link=0x9a06adb6acbdd445976405cccdfe2dbe,+77273900830,sales@ypk.kz,www.ypk.kz,,,,,,,,,
305,YUYAO XINLIANGCHEN HARDWARE CO.,China - Zhejiang,https://reg.iteca.kz/list/en/detailsfull.aspx?link=0xba7ed6b60a0d0a43a64b6a5043e12e1b,+86-18758470887,Yuyaowenting@outlook.com,yuyaowenting.en.alibaba.com,,,,,,,,,
306,ZANZAR,Italy - Grottaglie,https://reg.iteca.kz/list/en/detailsfull.aspx?link=0x51cc2b68336d2c439e63f788b5867360,+390994518000,zanzar@zanzar.it,zanzar.it,https://www.instagram.com/zanzarspa/?hl=it,https://www.linkedin.com/company/zanzar-spa/mycompany/,,https://www.facebook.com/zanzarsistem/?locale=it_IT,,,,,
307,ZHEJIANG AQUAPROM PURIFYING TECHNOLOGY CO.,China - Zhejiang,https://reg.iteca.kz/list/en/detailsfull.aspx?link=0x515f30bd9099b648b2e991e6acc10653,86-575-8763571,webmaster@taidagy.com,www.taidagy.com,,,,,,,,,
308,ZHEJIANG FENGFAN PIPE CO.,China - Zhejiang,https://reg.iteca.kz/list/en/detailsfull.aspx?link=0x85048fd7dc6b2f45a0b4d809e464aa1e,86-575-87653553,2483903500@qq.com,www.ifanfittings.com,,,,,,,,,
309,ZHEJIANG HAILIDE NEW MATERIAL CO.,"China - Zhejiang, Haining city",https://reg.iteca.kz/list/en/detailsfull.aspx?link=0xd4e6e92bd57d5a44860869b27bf7f3cd,008613575330354,cs@halead.com,www.halead.com,,,,,,,,,
310,ZODCHIJ-CENTER,Russia,https://reg.iteca.kz/list/en/detailsfull.aspx?link=0x8162bd396bc9787911ee3b768a2d0fe8,,,,,,,,,,,,
311,ALINA GROUP,Kazakhstan - Almaty,https://reg.iteca.kz/list/en/detailsfull.aspx?link=0x8160e9aa7a0cc79311ee305e5d65f21a,"+7 727 258 58 32 (вн. 2504, 2550), +7 727 258 58 32",info@alina.kz,www.alina.kz,@alinex.official,,,,https://youtube.com/channel/UCxLqByimq1LA6mp1bqBV03A,,,,
312,CLEIA,France - Paris,https://reg.iteca.kz/list/en/detailsfull.aspx?link=0x5fbf91b54d99d44e87468431c552a1cf,+33 3 80 26 71 00,guergana.hara@gmail.com,www.cleia.fr,,CLEIA,+33 695 22 07 66,Guergana Haratchereva,,,,,+33 695 22 07 66
313,GC TECHNOSTIL,Russia - Kireevsk,https://reg.iteca.kz/list/en/detailsfull.aspx?link=0xa3786586063dd24a99dc3f2957a61d2d,+7 800 555 93 32,info@ts-panel.ru,www.ts-panel.ru,https://instagram.com/tehnostil_,,,,https://www.youtube.com/channel/UCMkQrbFv9XbxLMdXG1Cin4g,https://t.me/tehnostil,VK: https://vk.com/tehnostil1,,
