id,Title,Country-City,url,Phone,Email,Website,Instagram,Facebook,YouTube,Telegram,Vkontakte,Linkedin,Twitter,WhatsApp,Viber
1,"ABICEIA, LLP",Kazakhstan - Almaty,https://reg.iteca.kz/list/en/detailsfull.aspx?link=0xca15e6be73633541a355b35ce9583f3c,+7 747 825 35 59,zakaz@abiceia.kz,www.abiceia.kz,https://www.instagram.com/abiceia_/,https://www.facebook.com/abiceia,https://www.youtube.com/@user-un9wr9wt8f,https://t.me/abiceia,VK: https://vk.com/abiceia,,,,
2,"ABRIS+, LTD",Russia - St.-Petersburg,https://reg.iteca.kz/list/en/detailsfull.aspx?link=0x287bd742661d8b4aa4a85bf1f46681e2,+7 (812) 740-19-92,abris@abrisplus.ru,www.abrisplus.ru,,,,,VK: https://vk.com/abrisclub,,,,
3,"ABSOLOGY CO., LTD",South Korea - Anyang-si,https://reg.iteca.kz/list/en/detailsfull.aspx?link=0x22c118f138acf44aa9daab33af5cdeb2,+82 31 348 8686,loganlee@absology.co.kr,www.absology.co.kr,,,https://www.youtube.com/@absology2474,,,https://www.linkedin.com/company/absology-co-ltd/,,,
4,"ABUTSEL, LLP",Kazakhstan - Astana,https://reg.iteca.kz/list/en/detailsfull.aspx?link=0xdab2efe41516f94d994a5d9cbdc9908a,87011774132,abutsel@internet.ru,,,,,,,,,,
5,"ACCU-ENERGO, LLC",Kazakhstan - Astana,https://reg.iteca.kz/list/en/detailsfull.aspx?link=0x18a0f14ef5cbb749bc25f38933cdeebd,+77172725156,info@accu-energo.kz,www.accu-energo.kz,,,,,,,,,
6,ACE MEDICAL,South Korea - Seoul,https://reg.iteca.kz/list/en/detailsfull.aspx?link=0xeb9aafd89f680f4d845ee2e638762d4d,+821081815243,jhlee7@ace-medical.co.kr,www.ace-medical.com,,,https://www.youtube.com/@acemedical9799,,,https://www.linkedin.com/company/ace-medical-co-ltd/,,,
7,ACEA,Russia - Moscow,https://reg.iteca.kz/list/en/detailsfull.aspx?link=0x53d84ffd92fa4a4bbfaddda9e126d945,+7 (495) 409-98-79,office@acearussia.com,www.acearussia.com,,,,,VK: https://vk.com/acearussia,,,,
8,"ACON LABORATORIES, INC.",United States of America - California,https://reg.iteca.kz/list/en/detailsfull.aspx?link=0xaacfabb44963c04785195873f445f6f1,+86-13968051603,valya.yang@aconlab.com.cn,www.aconlabs.com,https://www.instagram.com/aconbiotech?r=nametag,https://www.facebook.com/acon.biotech.77,https://youtube.com/channel/UCEfukk6yzhgBQ1Z17QX7Jdg,,,https://www.linkedin.com/company/acon-biotech,https://twitter.com/AconBiotech?s=09,,
9,"ADAMANT GROUP, LLP",Kazakhstan - Almaty,https://reg.iteca.kz/list/en/detailsfull.aspx?link=0xb87a7a809e2b8c4daf54474381b98b4a,+7(727)225-88-50,"lab@adamant.kz, info@adamant.kz, med@adamant.kz",www.adamant.kz,@adamant_kz,,,+77000258850,,,,+77000258850,
10,ADVALANGE,Russia - Moscow,https://reg.iteca.kz/list/en/detailsfull.aspx?link=0x20102cc767723e488e3009c1f19284d7,+7 499 350 25 99,info@advalange.ru,www.advalange.ru,,,,,,https://ru.linkedin.com/company/advalange,,,
11,"AESTHETICS GROUP, LLC",Kazakhstan - Almaty,https://reg.iteca.kz/list/en/detailsfull.aspx?link=0x5ea5049369f87e449e4c6abf90484b8c,"+7 (727) 250-77-02, +7 (777) 715-70-59",info@ucg.kz,www.ucg.kz,@ucg_kz     @laennec.kazakhstan,,,,,,,+7 (777) 715-70-59,
12,AGROS-INTERNATIONAL,Russia - Saint-Petersburg,https://reg.iteca.kz/list/en/detailsfull.aspx?link=0xa78dce07d308a245a7dc90f78d7e057e,88123038244,agros@agros-int.com,,,,,,,,,,
13,"AK INVEST, LLC",Russia - Barnaul,https://reg.iteca.kz/list/en/detailsfull.aspx?link=0xe4a94c7369bbb641a8ecc3cb535d8a61,8 (800) 550-01-54,info@nanobioproject.ru,www.nanobioproject.ru,,,,,,,,,
14,"AKTUBROENTGEN, JSC",Kazakhstan - Aktobe,https://reg.iteca.kz/list/en/detailsfull.aspx?link=0x8e8659462b88f34cbee1f6abe9d7a759,"+7 7132 921230, 921253",info@aktubroentgen.kz,www.aktubroentgen.kz,aktubroentgenkz,Aktubroentgenkz,https://youtube.com/@user-gx3km8rr7q,,,https://www.linkedin.com/company/aktubroentgen/,,,
15,"ALASH-KZ, LLP",Kazakhstan - Pavlodar,https://reg.iteca.kz/list/en/detailsfull.aspx?link=0x74c221a3705990479d397bc6c9b4bfba,"+7 701 7954986, +7 701 7653030",alash14@mail.ru,www.alashmed.kz,,,,,,,,+7 701 7954986,
16,ALFA-LAB COMPANY,Russia - Moscow,https://reg.iteca.kz/list/en/detailsfull.aspx?link=0x97540ecade53f444b9557ba533e649af,+7 (495) 374-53-33,info@alfa-lab.com,www.cleanroomshop.ru,,,,,,,,,
17,ALFAMEDEX,Russia - Saint Petersburg,https://reg.iteca.kz/list/en/detailsfull.aspx?link=0x265e3c524596a040951012085fcb4b07,+7 800 777 22 55,sales@alfamedex.ru,www.alfamedex.ru,,,https://www.youtube.com/@Alfamedex,,,,,,
18,ALHANOOF FACTORY FOR MEDICAL AND LAB SUPPLIES,Jordan - Amman,https://reg.iteca.kz/list/en/detailsfull.aspx?link=0x04c3056a30d1d54fb5159c266055978b,00962791133303,manager@afcodispo.com,www.afcodispo.com,N/A,https://web.facebook.com/profile.php?id=100085174151874,N/A,N/A,VK: N/A,N/A,N/A,00962791133303,N/A
19,ALIFAX,Russia - Moscow,https://reg.iteca.kz/list/en/detailsfull.aspx?link=0x547ecc25721690488ef05bafd12cadfa,+7 495 544-50-55,info.russia@alifax.com,www.alifax.com,,,,,VK: https://vk.com/id680176900,,,,
20,"ALLGENE, LLC",Kazakhstan - Almaty,https://reg.iteca.kz/list/en/detailsfull.aspx?link=0x92225146e0452d4ba7ebfe022bb8ed44,+7 7710886200,office@allgene.kz,www.allgene.kz,,,,,,,,,
21,"ALLIANCE-MEDICA, LLP",Kazakhstan - Ust-Kamenogorsk,https://reg.iteca.kz/list/en/detailsfull.aspx?link=0x0c647230ad568b49bab817c1b42a05b4,"8 (7232) 49-29-67, 8 (7232) 49-29-68","contact@a-medica.kz, k.amrenova@a-medica.kz",www.a-medica.kz,,,,,,,,,
22,"ALLWAYS INTERNATIONAL KAZAKHSTAN, LLP",United Kingdom - Wickford,https://reg.iteca.kz/list/en/detailsfull.aspx?link=0x47156a788aa6dc4299f0184929c982d4,+44 1708227711,sales@allwaysinternational.com,www.allwaysinternational.com,,,,,,,,,
23,ALMATY MANAGEMENT UNIVERSITY / GRADUATE SCHOOL OF BUSINESS,Kazakhstan - Almaty,https://reg.iteca.kz/list/en/detailsfull.aspx?link=0xc02a9761417bc24ebaaee2fe43ff6c32,+77715580896,gsb@almau.edu.kz,www.gsb.almau.edu.kz,gsb.almau,,,,,,,,
24,"ALNAIR MEDICAL, LLC",Kazakhstan - Almaty,https://reg.iteca.kz/list/en/detailsfull.aspx?link=0x34dde6f81cf89945a47ad6c7c1546ad5,+7 771 444 66 42,office@alnair.kz,www.alnair.kz,Mindray_kz,,,,,,,+7 771 444 66 42,
25,"ALTAIR BIO, LTD",Kazakhstan - Almaty,https://reg.iteca.kz/list/en/detailsfull.aspx?link=0xf0ecc1d8527acc44a9a971d9d0059224,7 (727) 337 57 97,altairbiomed@gmail.com,www.saniplast.kz,,,,+77013533537,,,,+77013533537,+77013533537
26,AMA CO LTD,Russia - St-Petersburg,https://reg.iteca.kz/list/en/detailsfull.aspx?link=0x2762ffaa1c8ece47a622ecdb0ae18ffa,+7 812 3807699,ama@sp.ru,www.amamed.ru,,,,,,,,,
27,AMERICAN MOTION FITNESS,Russia - Saint-Petersburg,https://reg.iteca.kz/list/en/detailsfull.aspx?link=0x103b41ff4d560047ae5b2e42ebd84392,8 (812) 309 45 51; +7 (911) 735-36-86,info@amfp.ru,www.amfp.ru,,,@americanmotionfitness9503,+79117353686,VK: https://vk.com/amfp_ru,,,+79117353686,+79214407785
28,ANDREAS HETTICH GMBH & CO. KG,Germany - Tuttlingen,https://reg.iteca.kz/list/en/detailsfull.aspx?link=0xc2f41055d531e14b9937bc8c7cd127da,+49 (0)7461 705 0,info@hettichlab.com,www.hettichlab.com,,,https://www.youtube.com/c/HettichLabTechnology,,,https://www.linkedin.com/company/andreas-hettich-gmbh-&-co-kg/posts/?feedView=,,,
29,ARANNATI,Kazakhstan - Almaty,https://reg.iteca.kz/list/en/detailsfull.aspx?link=0x4174458f3ff575498ff216d06f3e8d00,8701 778 60 40,arannati@rambler.ru,,arannatiaesthetic,,,8 701 7786040,,,,8 701 778 60 40,
30,"ARTEL ENGINEERING, LLP",Kazakhstan - Атырау,https://reg.iteca.kz/list/en/detailsfull.aspx?link=0x64a9219febb05d48a00b28788e2d9ed2,+ 7 7122 75 42 75,artel.i@yandex.kz,www.medgas.kz,artel_engineering,,,,,,,,
31,"ASIA MEDICAL PARTNER, LLP",Kazakhstan - Almaty,https://reg.iteca.kz/list/en/detailsfull.aspx?link=0xbcd00663b44a4943b52b3154a77bb752,8 707 269 59 59,shop@asiamedical.kz,www.asiamedical.kz,,,,,,,,,
32,"ASNA KAZAKHSTAN, LLC",Kazakhstan - Almaty,https://reg.iteca.kz/list/en/detailsfull.aspx?link=0x08ea201e3b2ee04fb27bcc1bdbb83e61,+7 (727) 276 31 53,info@asna.kz,www.asna.kz,,,,,,,,,
33,"ASOMEDICA, LLC",Belarus - Minsk,https://reg.iteca.kz/list/en/detailsfull.aspx?link=0x04680b558b15ae45b204644eabda81de,"+375 17 307 7616, 298 5138",office@asomedica.by,www.asomedica.by,https://www.instagram.com/asomedica_company/,https://www.facebook.com/asomedica.by/,https://www.youtube.com/channel/UCjxGZ1PAioJhIORY4PHFutQ,,,,,,
34,"ASPECT MEDICAL, LLC",Russia - Yekaterinburg,https://reg.iteca.kz/list/en/detailsfull.aspx?link=0xc6e1a0dbbf6e8d4580ebc07ba525e75c,+7 (343) 3630312,mail@aspectmedical.eu,www.aspectmedical.eu,,,,,,,,,
35,"ASSURE TECH. (HANGZHOU) CO., LTD","China - Hangzhou, Zhejiang Province",https://reg.iteca.kz/list/en/detailsfull.aspx?link=0xe38cf79c2639104f8ee9ef1b14a87dfa,+86-0571-81022693,liyan.yu@diareagent.com,www.diareagent.com,,https://www.facebook.com/Assure-Tech-109052565165048/?ref=pages_you_manage,https://www.youtube.com/channel/UCJKAz9cNKGmrjFu6rDYb6fg,,,https://www.linkedin.com/company/12946619/admin/,https://twitter.com/9CZNsRqirBrZyAa,,
36,ASTROCARD,Russia - Moscow,https://reg.iteca.kz/list/en/detailsfull.aspx?link=0x2d1dd97525233041848e353dab71d858,+7-495-956-75-89,shatalova@astrocard.ru,www.astrocard.ru,,,,,,,,,
37,ASTRODENT,Russia - Moscow,https://reg.iteca.kz/list/en/detailsfull.aspx?link=0xa395e1485a7cbf489ee4dfb535f7a7d8,+7 495 0127108,Info@td-astrodent.ru,www.td-astrodent.ru,,,,https://t.me/astrodenttd,,,,,
38,AWTECH,Russia - Moscow,https://reg.iteca.kz/list/en/detailsfull.aspx?link=0x83b29694c65f6f409f80d5a89e2d56ae,+7 (499) 322-99-34,info@awt.ru,www.awt.ru,https://www.instagram.com/awtec.ru/,https://facebook.com/rusawtech,https://www.youtube.com/user/TheAwtech,https://t.me/awtechrus,VK: https://vk.com/awtech,,,,
39,AXION,Russia - Izhevsk,https://reg.iteca.kz/list/en/detailsfull.aspx?link=0xe587fb1fd941cc46b4b9e61f0e20793a,"+7 (3412) 72-43-29, 51-24-20, 51-24-23",med@c.axion.ru,www.axion-med.ru,,,https://www.youtube.com/channel/UCbxTdyZLn8gmuOEBiJkgUfg,,VK: https://vk.com/public216558102,,,,
40,"EXPORT PROMOTION AGENCY UNDER THE MINISTRY OF INVESTMENT, INDUSTRY AND TRADE OF THE REPUBLIC OF UZBEKISTAN",Uzbekistan - Tashkent,https://reg.iteca.kz/list/en/detailsfull.aspx?link=0x95d36cdddfb7ed44bbc796b90b213cea,+99871 207 04 06,info@epauzb.uz,www.epauzb.uz,,,,,,,,,
41,"BAISHENG MEDICAL CO.,LTD",China - Guangdong,https://reg.iteca.kz/list/en/detailsfull.aspx?link=0x64784dd26dfa3a4192de0b0da74cc892,+86-13414167286,export2@bs0750.com,www.obs-medical.com,,,,,,,,+86-13414167286,
42,"BEIJING CHOICEMMED, LTD",China - Beijing,https://reg.iteca.kz/list/en/detailsfull.aspx?link=0x097b524c6e7da84b980995c0f0964bee,86  4008-111-981,market@choicemmed.com,www.choicemmed.com,,,,,,,,,
43,"BEIJING ZKSK TECHNOLOGY CO., LTD.",China - Beijing,https://reg.iteca.kz/list/en/detailsfull.aspx?link=0xb7fabaeb2fccc145af366e7f727ffc10,+ 8613260186661,Barbie@bjzksk.com,www.bjzksk.com/en,+8613260186661,+8613260186661,+8613260186661,+8613260186661,VK: +8613260186661,+8613260186661,+8613260186661,+8613260186661,+8613260186661
44,BELAND «IMEX» LTD.,Russia - Saint Petersburg,https://reg.iteca.kz/list/en/detailsfull.aspx?link=0x5765f5184d7ad24fa17cb3e7bd8484f3,+7 (812) 6-777-333,beland@beland.ru,www.beland.ru,,,,,,,,,
45,"BELASEPTIKA, CJSC","Belarus - Minsk region, Tsnjanka village",https://reg.iteca.kz/list/en/detailsfull.aspx?link=0x2cdb689924fd2d408ac21d0cc118b07e,+37529 1601427,"info@belaseptika.by, makarenya@sanoborona.by",www.belaseptika.by,Belaseptika.by,,,+375291601427,,,,+375291601427,+375291601427
46,"BELAYA TEKHNIKA, LLP",Kazakhstan - Almaty,https://reg.iteca.kz/list/en/detailsfull.aspx?link=0xf5205bdfb93e544290e090dfb49a09a8,8(727)3908595,office@bt24,www.bt24.kz,https://www.instagram.com/bt24kz/,https://www.facebook.com/belayatekhnika/,,,,,,,
47,"BELINTELMED, LLC",Belarus - Minsk,https://reg.iteca.kz/list/en/detailsfull.aspx?link=0xe060756d69194647b0cc2904bec31129,+375 44 516 61 80,marketing@belintelmed.com,www.belintelmed.com,https://www.instagram.com/spirometri/,https://www.facebook.com/belintelmed/,https://www.youtube.com/@belintelmed,+375 44 516 61 80,VK: https://vk.link/spirometers,https://www.linkedin.com/company/belintelmed-ltd/,https://twitter.com/spirometri,+375 44 516 61 80,+375 44 516 61 80
48,"BELMEDPREPARATY, RUE",Belarus - Minsk,https://reg.iteca.kz/list/en/detailsfull.aspx?link=0x7ec8f1e0a5a7b641804201cb9da96aa0,+375 17 278-33-12,medic@belmedpreparaty.com,www.belmedpreparaty.com,https://www.instagram.com/belmedpreparaty/,https://m.facebook.com/belmedpreparaty/,https://youtube.com/channel/UCqMvE5uWC2XWYjlZ54c-hvQ,,VK: https://vk.com/belmedpreparaty,,,,
49,"BELPHARMPROM, THE PHARMACEUTICAL HOLDINGS COMPANY",Belarus - Minsk,https://reg.iteca.kz/list/en/detailsfull.aspx?link=0x87cd39370c6dec4e8da09a1b9006d209,+375 17 395 50 32,office@belpharmprom.by,www.belpharmprom.by,,,,,,,,,
50,"BERKATA MS, LLP",Kazakhstan - Almaty,https://reg.iteca.kz/list/en/detailsfull.aspx?link=0xeae51cbe809bb94c84436c2c9ed1d96c,+7 777 844-11-61,info@berkata.kz,www.berkata.kz,,,,,,,,777 844 1161,
51,"BEST 3D PRINT, LIMITED LIABILITY COMPANY",Russia - Moscow,https://reg.iteca.kz/list/en/detailsfull.aspx?link=0x8f13aad6fb0d504fa57c4a9f8484e4e7,+7(915)295-14-96,sb@best3d.ru,www.best3dprint.ru,,,,,,,,,
52,BIO RESEARCH FOR MEDICAL DIAGNOSTICS,Jordan - Amman,https://reg.iteca.kz/list/en/detailsfull.aspx?link=0xf966fc802ca05a43b5bfae82b05fff65,+962-6-4892525,sales@bioresearch.com.jo,www.bioresearch.com,,https://www.facebook.com/profile.php?id=100063786180636&mibextid=ZbWKwL,,,,,,https://wa.me/qr/URVA7OSZBCITD1,
53,"BIOFORM, SCIENTIFIC CENTER",Russia - Moscow,https://reg.iteca.kz/list/en/detailsfull.aspx?link=0x1a8a66032a8277448fc9eba8e8fa6cf6,+7 495 223 70 95,mail@bioform.ru,www.bioform.ru,,,https://www.youtube.com/@Bioformru,,,,,,
54,BIOLINE KAZAKHSTAN,Kazakhstan - Astana,https://reg.iteca.kz/list/en/detailsfull.aspx?link=0xa9e4681395a86541ac11353e0443e1e4,+7 (7172) 57 99 33,info@bioline.kz,www.bioline.ru,,,,,,,,,
55,BIOSS,"Russia - Moscow, Zelenograd",https://reg.iteca.kz/list/en/detailsfull.aspx?link=0x7bacfbd365cb274e81843aac7ef432b0,+7 (495) 225-63-80,info@bioss.ru,www.bioss.ru,https://www.instagram.com/proctology_hal_rar/,,https://www.youtube.com/channel/UCYjJ_Wl39x4I_MCNxctWRkA,,,,,,
56,"BIOTECH SCIENTIFIC, LLP",Kazakhstan - Astana,https://reg.iteca.kz/list/en/detailsfull.aspx?link=0x6c53577d8efb354e8b343f9ff0aa4c20,+77787629430,info@biotech-sci.kz,www.biotech-sci.kz,,,,,,,,,
57,"BIOVITRUM, LLC",Russia - Saint-Petersburg,https://reg.iteca.kz/list/en/detailsfull.aspx?link=0xc2ac5e87592bb24a8fb4937a732fe89f,+78123050606,zakaz@biovitrum.ru,www.biovitrum.ru,,,https://www.youtube.com/@biovitrumnews,,VK: https://vk.com/histoclub,,,,
58,"BORIMED, JSC",Belarus - Borisov,https://reg.iteca.kz/list/en/detailsfull.aspx?link=0x96d2467403c08d479bf716d83c3838c1,+375177732261,borimed@borimed.com,www.borimed.com,https://www.instagram.com/borimed.belarus/,https://www.facebook.com/borimed.belarus/,,,,,,,
59,"BTL KAZAKHSTAN, LLC",Kazakhstan - Almaty,https://reg.iteca.kz/list/en/detailsfull.aspx?link=0x93bb7d5773690643b4f7b2e66fab597a,+7 727 313 23 71,"btl-kz@btlnet.com, sales.kz@btlnet.com",www.btlmed.kz,btl_kazakhstan,,,,,,,+7 701 993 96 39,
60,C3MEDICAL,France - Paris,https://reg.iteca.kz/list/en/detailsfull.aspx?link=0xc58fe839c6d6c542b2354b9dda50e38c,+33 (0)609 30 63 59,l.kislig@c3medical.com,www.c3medical.com,,,,,,,,,
61,"CAMOZZI, LLP",Kazakhstan - Almaty,https://reg.iteca.kz/list/en/detailsfull.aspx?link=0x25de09ae3de60d4085bbe0dd07583d47,+7 (727) 333-53-34,info@camozzi.kz,www.camozzi.kz,,,,,,,,,
62,"CAREFORU CO., LTD.",South Korea - Anyang,https://reg.iteca.kz/list/en/detailsfull.aspx?link=0x761c8ebe394a1b4caa195dc967e74ff5,+82-31-464-9785,jimmy@careforu.co.kr,www.careforu.co.kr,,https://www.facebook.com/careforucokr,https://www.youtube.com/watch?v=jlUOPeLJ1yw&t=64s,,,https://www.linkedin.com/company/careforulinkedin/mycompany/,,+82-10-3507-4368,
63,CELLY,Russia - Moscow,https://reg.iteca.kz/list/en/detailsfull.aspx?link=0x5492879b70a0ce4bacde1977f4212ee6,+7-(965)-321-48-72,az@celly.ai,www.celly.ai,,https://www.facebook.com/cellyteam/,https://www.youtube.com/@celly-ai-microscope615,@medicinelive,,https://www.linkedin.com/company/celly-ai,https://twitter.com/cellyteam,,
64,"CENTRE SATR, LLP",Kazakhstan - Almaty,https://reg.iteca.kz/list/en/detailsfull.aspx?link=0x2642e1de558d5d42bbbce6e2d6e53824,007-727-395 83 26,info@satr.kz,www.satr.kz,satr.kz,@CenterSATR,SATR96,CENTERSATRKZ,,,,"+7 707 969 1042, +7 747 234 7501",
65,"CHANNEL MEDICAL DEVICE CO., LTD",China - Kunshan,https://reg.iteca.kz/list/en/detailsfull.aspx?link=0xb0b47416bd84ff438819c30c68a17fab,+86 512 3685 7161,marketing@channel-mdi.com,www.channel-mdi.com,,,,,,https://www.linkedin.com/company/channel-medical-device-co-ltd/,,,
66,CHEMA DIAGNOSTICA,Italy - Monsano,https://reg.iteca.kz/list/en/detailsfull.aspx?link=0x4777b05fbad00f459c7d5d7a8c2d137d,+39 0731 605064,mail@chema.com,www.chema.com,,,,,,,,,
67,CITO FSUE,Russia - Moscow,https://reg.iteca.kz/list/en/detailsfull.aspx?link=0xe8ec77b79afb5f4683e0c5af180292cf,+7 (495) 450-28-52,info@cito-pro.ru,www.cito-pro.ru,,,,@fgupcito,VK: vk.com/fgup_cito,,,,
68,CODACO ELECTRONIC S.R.O.,Czech Republic - Valasske Mezirici,https://reg.iteca.kz/list/en/detailsfull.aspx?link=0xb664a90d9d929e4b9389148b425220d7,+420 571 612 405,obchod@codaco.cz,web: www.codaco.cz,,,,,,,,,
69,"COMPANY BEWI, LLC",Russia - Moscow,https://reg.iteca.kz/list/en/detailsfull.aspx?link=0xb946ace4efe19f46b870673bfdcd183e,"+7(499)2816768, доб. 212",sales@thetestme.com,www.thetestme.com,,https://www.facebook.com/profile.php?id=100087738851523,https://youtube.com/shorts/NskZ6btv56g?feature=share,,,,,,
70,CZECHTRADE,Czech Republic - Praha 2,https://reg.iteca.kz/list/en/detailsfull.aspx?link=0x1276416d3f0d584d8eb00e6da8250c4e,,,,,,,,,,,,
71,DELRUS,Russia - Moscow,https://reg.iteca.kz/list/en/detailsfull.aspx?link=0x04ddcd40b22e62478e959f4a3f2e4b24,+74951207700,delrus@delrus.ru,www.delrus.ru,,,,,,,,,
72,"DENTAFILL PLYUS, LLC",Uzbekistan - Tashkent,https://reg.iteca.kz/list/en/detailsfull.aspx?link=0x8d4d86e4a4248f4abf6ceecb17a8163f,(+99871)231-78-00,info@dentafill.uz,www.dentafill.uz,,,,,,,,,
73,"DENTALS PHARMA, LLC",Uzbekistan - Zaamin,https://reg.iteca.kz/list/en/detailsfull.aspx?link=0x99f044b2549cd54ca5ae4fb1c2624ab8,+99890-032-00-01,sales@dentals-pharma.com,www.dentals-pharma.com,,,,,,,,,
74,"DIAKIT, LLP",Kazakhstan - Karaganda,https://reg.iteca.kz/list/en/detailsfull.aspx?link=0xabc48a7cfea94a4a95e6dfc5da9a3691,8-7212-258-602,diakit@diakit.kz,www.diakit.kz,,,,,,,,,
75,"DIDA MEDICA, LLC",Kazakhstan - Shymkent,https://reg.iteca.kz/list/en/detailsfull.aspx?link=0xbcec9675ad06bd4abbd6243fd0117606,+7(7252)41-43-95,didamedica@mail.ru,www.didamedica.kz,,,,,,,,,
76,"DOLCE-PHARM, LLP",Kazakhstan - Almaty,https://reg.iteca.kz/list/en/detailsfull.aspx?link=0xbf9d20bcd9ac234dabb58535fb1b6e62,+7 702 216 7166,smm@dolcepharm.kz,www.dolcepharm.kz,dolcepharm.kz,,,,,,,+7 771 104 1201,
77,"DOS ORTOPEDIA, LTD",Kazakhstan - Astana,https://reg.iteca.kz/list/en/detailsfull.aspx?link=0x675a53919c50ad40a6041cef47fc9d12,77027778375,dos.ortopedia.kz@gmail.com,www.dos-ortopedia.kz,,,,,,,,,
78,"ECOPHARM / ECOPHARM INTERNATIONAL, TOO",Kazakhstan - Shymkent,https://reg.iteca.kz/list/en/detailsfull.aspx?link=0x8f8a5cd18210e844847f3057e3a105e0,+7 (7252) 39-10-00,office@ecopharm.kz,www.ecopharm.kz,,,,,,,,,
79,"EDANMED, LLP",Kazakhstan - Astana,https://reg.iteca.kz/list/en/detailsfull.aspx?link=0x9c7317af952f734cad3e43b297bab65f,+77754855885,edanmed@mail.ru,www.edan.com,,,,,,,,,
80,"EGRO, LLP",Kazakhstan - Almaty,https://reg.iteca.kz/list/en/detailsfull.aspx?link=0xbf6217a0acbf8740a3eba32e599868c5,8 727 317 20 70,egro-kz@mail.ru,www.egro.kz,,,,,,,,,
81,"EIRA MED, LLC",Kazakhstan - Astana,https://reg.iteca.kz/list/en/detailsfull.aspx?link=0x9783675f57473a4d8eb2600c32197e54,8 (7172) 73-47-89,info@eiramed.kz,www.eiramed.kz,,,,,,,,,
82,"EKOLAB KZ, LLP",Kazakhstan - Ust-Kamenogorsk,https://reg.iteca.kz/list/en/detailsfull.aspx?link=0x3ae666ab4dddcd4eae2993f336ab3c1d,8-708-330-64-17,ekolabkz@mail.ru,www.ekolabkz.kz,,,,,,,,+7(708)330-64-17,
83,"EKZON, OJSC",Belarus - Drogichin,https://reg.iteca.kz/list/en/detailsfull.aspx?link=0xb2bbcc3e869f7b4e9ef7bd2379b01348,+375164420002,bm@ekzon.by,www.ekzon.by,ekzon_belarus,EKZONBELARUS,,,,,,,
84,"ELAMED-KZ, LLP",Kazakhstan - Kostanay,https://reg.iteca.kz/list/en/detailsfull.aspx?link=0xfe33eb3d6515ac489e545a8bee4aadc2,+7 747 6858265,"anuarbek@elamed.com, anuarbekfariza@mail.ru",www.elamed.kz,@elamed.kz,,,,,,,87476858265,
85,"ELEPS, RESEARCH AND PRODUCTION COMPANY, LLC",Russia - Kazan,https://reg.iteca.kz/list/en/detailsfull.aspx?link=0xdea3bcd7f16f2749b76889d718a89e87,8 800 700 87 03,info@eleps.ru,www.eleps.ru,,,https://www.youtube.com/channel/UCwhCkh62OBbqXnspbxDfACA,,VK: https://vk.com/elepsru,,,,
86,EXPERT MEDIKAL,Russia - Moscow,https://reg.iteca.kz/list/en/detailsfull.aspx?link=0x06533de0082896468fbe87ae30c84cf9,+74956410468,office@exmedikal.ru,www.exmedikal.ru,,,,,,,,+79262086000,
87,EXPERTISE FRANCE (GROUP AFD),France - Astana (local office),https://reg.iteca.kz/list/en/detailsfull.aspx?link=0x6a395de324dcf141b3bacbd43da2f03a,+7 777 551 5125,alexandra.thircuir@expertisefrance.fr,www.expertisefrance.fr,,,,,,,,,
88,"EXPOMED, LLP",Kazakhstan - Astana,https://reg.iteca.kz/list/en/detailsfull.aspx?link=0x5add5fbcb0c724429f3412f0041c4b62,+77472275837,expomed2017@mail.ru,www.too-ekspomed.satu.kz,,,,,,,,,
89,"EXPORTPHARM, JSK",Russia - Moscow,https://reg.iteca.kz/list/en/detailsfull.aspx?link=0x8ada262b99bc2a4f87d1e09ad522317c,+7 (495) 772-99-77,info@exportff.ru,www.exportff.com,,,,,,,,,
90,"FARMACTIV, LLP",Kazakhstan - Almaty,https://reg.iteca.kz/list/en/detailsfull.aspx?link=0x1325f7827d75c14ca12bd235a4a46b6f,+77273822377,a1@farmaktiv.com,www.farmaktiv.kz,,,,,,,,+77017383171,
91,"FARMAKS-2, LLP",Kazakhstan - Kostanay,https://reg.iteca.kz/list/en/detailsfull.aspx?link=0x28f8664f082086438f5f97e6b70560f5,+77055036182,kstischenko@farmaks2.kz,www.pharmaks2.kz,,,,,,,,,
92,"FAZO-LUXE, LLC","Uzbekistan - Tashkent region, Tashkent district",https://reg.iteca.kz/list/en/detailsfull.aspx?link=0x278938bb9f291b458e77ca8afa074c75,+99893 546 33 03,anastasiya.ugp@yandex.ru,www.fazo-luxe.uz,,,,,,,,,
93,"FIATOS, LLP",Kazakhstan - Almaty,https://reg.iteca.kz/list/en/detailsfull.aspx?link=0x94a1d85ea722dc42a30278a0cf0b5ee7,+7 707 527 3995,vs@vetmed.kz,www.fiatos.kz,,https://www.facebook.com/people/fiatoskz/,,https://instagram.com/fiatos.kz?igshid=YmMyMTA2M2Y=,,,,+7 707 527 3995,
94,"FOCAL-SPOT, LLC",Russia - Ivanovo,https://reg.iteca.kz/list/en/detailsfull.aspx?link=0x32b871203271a14f918000f6634e5ce2,+7 960 505 75 07; +7 910 691 83 63,sales@focal-spot.ru,www.focal-spot.ru,,,,+7 960 505-75-07,,,,+7 960 505-75-07,
95,FOCUS & FUSION,"China - Hangzhou, Zhejiang",https://reg.iteca.kz/list/en/detailsfull.aspx?link=0x14ec20708fc5aa419b9a99ef265b56f1,+8613357160866,teresa.yu@focus-fusion.com,www.focus-fusion.com,,https://www.facebook.com/FocusFusionHealthcare,https://www.youtube.com/@focusfusionhealthcare9535,,,https://www.linkedin.com/company/focus-fusion-healthcare/mycompany/,,,
96,"FORTIS PAI, LLP",Kazakhstan - Almaty,https://reg.iteca.kz/list/en/detailsfull.aspx?link=0x62602ebbfdbfef47811116c2f4e9562e,+7 (727) 234-46-44,"pd1@fortispai.kz, info@fortispai.kz",www.fortispai.kz,,,,,,,,,
97,"FOTEK, LTD",Russia - Ekaterinburg,https://reg.iteca.kz/list/en/detailsfull.aspx?link=0xea178ebdcd0a1946b7f307696df8c58e,+7 (343) 217 63 40,fotek@fotek.ru,www.fotek.ru,ooo_fotek,,Fotekcorp,ooo_fotek,,,,,
98,FRENCH HEALTHCARE ASSOCIATION,France - Paris,https://reg.iteca.kz/list/en/detailsfull.aspx?link=0x573d9af14574474aa2aa41542ee1ab00,+33 (0)609 30 63 59,Elisabeth.arnaud@frenchhealthcare-association.fr,www.frenchhealthcare-association.fr/en/,,,,,,,,,
99,"GELIKA, LLP",Kazakhstan - Petropavlovsk,https://reg.iteca.kz/list/en/detailsfull.aspx?link=0x706c9b10b1effc43a14096efa374eec0,+77152534287,gelika@gelika.kz,www.gelika.kz,too.gelika,,,,,,,+77019379511,
100,"GEMSS HEALTHCARE CO., LTD.",South Korea - Gyeonggi-do Paju,https://reg.iteca.kz/list/en/detailsfull.aspx?link=0xdcb9441beba45a43abf1560d1276de6a,+82 31 995 2285,dk@gemss-healthcare.com,www.gemss-healthcare.com,,,,,,,,,
101,"GENENOTE, LLP",Kazakhstan - Almaty,https://reg.iteca.kz/list/en/detailsfull.aspx?link=0x62874576eb990749a9cb3111afd39664,+77015415147,a.akhauova@genenote.kz,,,,,,,,,+77015415147,
102,"GENSTAR TECHNOLOGIES CO., INC.","United States of America - Chino, California",https://reg.iteca.kz/list/en/detailsfull.aspx?link=0x553b3564d8797d4ebb0a42bf8ae85642,+1-909-6062726,andrian@gentec.com.cn,www.genstartech.com/products/medical,https://instagram.com/genstartech/,https://www.facebook.com/genstartech,,,,http://www.linkedin.com/company/genstartech,https://twitter.com/genstartech,,
103,GEO MED,Russia - Moscow,https://reg.iteca.kz/list/en/detailsfull.aspx?link=0x258f6560319fad498a0453f7ecda7956,"+7 968 555-22-20, +7 977-932-03-89",geo.med2022@gmail.com,www.geomed.online,,,,,,,,,
104,"GOLDMEDSYSTEMS, LLP",Kazakhstan - Astana,https://reg.iteca.kz/list/en/detailsfull.aspx?link=0x5379e4cbcf662f459de01b7aff732d4d,+7 778 774 1111,salergms@gmail.com,www.aedplus.kz,,,,,,,,+7 778 774 1111,
105,HANGZHOU SINGCLEAN MEDICAL PRODUCTS CO.LTD.,China - Hangzhou,https://reg.iteca.kz/list/en/detailsfull.aspx?link=0xdf5f89008a2ef94998f26902cd1837bb,86571-63431868-8019,operation@singclean.net,www.singclean.net,singdermofficial,Singclean,Singclean Medical,,,Singclean,Singclean Medical,,
106,"HEALTHY WORLD, LLC",Russia - Saint-Petersburg,https://reg.iteca.kz/list/en/detailsfull.aspx?link=0xc34b9efbcdea0244a3b8d15a9adc7f8c,+7 (812) 3857455,info@zmir.ru,www.zmir.ru,https://instagram.com/zmir_ru,,https://youtube.com/@zmir_ru,https://t.me/zmir_ru,VK: https://vk.com/zmir_ru,,,,
107,"HEARING REHABILITATION CENTER, LLP",Kazakhstan - Ust'-Kamenogorsk,https://reg.iteca.kz/list/en/detailsfull.aspx?link=0x025c7648347bfb4a8904a3a57e0c503f,+7-707-793-91-00,centr_sluha@mail.ru,www. yxo.kz,yxo.kz,,,,,,,+7-707-793-91-00,
108,"HELICON, LLC",Russia - Moscow,https://reg.iteca.kz/list/en/detailsfull.aspx?link=0x00ee0b7d08389541a710f9e7905173d1,+7 (499) 705-50-50,mail@helicon.ru,www.helicon.ru,,,,,,,,,
109,"HEM, LTD",Russia - Moscow,https://reg.iteca.kz/list/en/detailsfull.aspx?link=0xf776c063a60927448bbaccec19b4bdfc,"+7 (495) 612-43-12 - ext. 503, 271",export@hemltd.ru,www.hemltd.ru,,,https://www.youtube.com/user/HEMltdcompany/featured,https://t.me/hemltd,VK: https://vk.com/hemltdlab,,,,
110,HEMACORE,Russia - Moscow,https://reg.iteca.kz/list/en/detailsfull.aspx?link=0x28f1dccc10c5334e9250948b6f29f9cb,+7 (495) 258-25-38,mail@hemacore.com,www.hemacore.com,,,,,,,,,
111,"HENAN HEALTHY MEDICAL PRODUCTS CO., LTD",China - Zhengzhou,https://reg.iteca.kz/list/en/detailsfull.aspx?link=0x1a10aed65fc3934d8aa086b957df29bf,0086-371-67686868,don@healthysurgical.net,www.healthysurgical.net,,,,,,,,008618625369225,
112,"HUBEI WOOZON HEALTHCARE CO., LTD.",China - Xiantao,https://reg.iteca.kz/list/en/detailsfull.aspx?link=0xed3c4a71eb9c8b4cafb629227a3860d4,+86-13593994079,lily@woozon.cn,www.hbwoozon.com,,,,,,,,0086-13593994079,
113,"IEMTI ORDEKT / INNOVATIVE MEDICAL TOOLS, LLC",Russia - Moscow,https://reg.iteca.kz/list/en/detailsfull.aspx?link=0xe5b95ac5bf91a74f96901c8c110f840d,+79168496520,n.varbanskaia@inmedtools.com,www.ordekt.com,,,https://www.youtube.com/channel/UCmpDrx3mnvUOiPiagkjYbMg,https://t.me/travmatologirossii,VK: https://vk.com/ordekt_inmedtools,,,https://www.instagram.com/ordekt_inmedtools/,
114,IKA - WERKE GMBH & CO. KG,Germany - Staufen,https://reg.iteca.kz/list/en/detailsfull.aspx?link=0x3c48d6b382dd0144a72ef4daf7552096,+497633831215,bozidar.nikic@ika.de,www.ika.com,,,,,,,,,
115,IMCOPHARMA A.S.,Czech Republic - Bilovec,https://reg.iteca.kz/list/en/detailsfull.aspx?link=0xad504523bbb2dc47a68860f4a003d57b,+420 556 778 411,sales@imcopharma.com,www.imcopharma.com,,www.facebook.com/imcopharma,,,,www.linkedin.com/company/imcopharma,,,
116,IMPULSE DEVICE,Russia - Moscow,https://reg.iteca.kz/list/en/detailsfull.aspx?link=0x8935b1ef3bf7414b83538fcdecf23464,+7 499 394-55-68,impulse-nnn@mail.ru,www.orion-device.ru,,,,,,,,,
117,"INSTITUTE OF NUCLEAR PHYSICS, MINISTRY OF ENERGY",Kazakhstan - Almaty,https://reg.iteca.kz/list/en/detailsfull.aspx?link=0xb4995726641d5d448929af8d2619e867,+7 727 386-52-43,bek@inp.kz,www.inp.kz,@inp_kz,www.facebook.com/inp.kz,,,,,,+7-777-220-77-14,
118,"INTEC PRODUCTS, INC.",China - Xiamen,https://reg.iteca.kz/list/en/detailsfull.aspx?link=0x27bf571a3c536440a256b0a470b8e21a,+86-592-6807188,intecproducts@asintec.com,www.intecasi.com,,,"InTec PRODUCTS, INC.",,,"InTec PRODUCTS, INC.",,,
119,INTERMEDICA ALMATY,Kazakhstan - Almaty,https://reg.iteca.kz/list/en/detailsfull.aspx?link=0x96b8272c380fc0448f7b03a41b252fae,8 727 352 79 70,info@intermedica.kz,www.intermedica.kz,https://www.instagram.com/intermedicakz/,https://www.facebook.com/intermedicakz,,,,,,8 777 352 79 70,
120,"ISHYM MEDICAL, LLP",Kazakhstan - Astana,https://reg.iteca.kz/list/en/detailsfull.aspx?link=0x65188de2962ade499479fd95d462720f,+7 717 298 57 24,ceo@ishym-medical.kz,www.ishym-medical.kz,,,,,,,,,
121,"IVD HOLDING, LLP",Kazakhstan - Almaty,https://reg.iteca.kz/list/en/detailsfull.aspx?link=0xe1ce5f8ac618264b89486abf3c97138d,+7 (727) 309-16-11,ivdholding@ivdh.kz,www.ivdh.kz,,,,,,,,,
122,"THE INSTITUTE OF BIOORGANIC CHEMISTRY, THE NATIONAL ACADEMY OF SCIENCES OF BELARUS",Belarus - Minsk,https://reg.iteca.kz/list/en/detailsfull.aspx?link=0x468912a4bda59d428036b678bdd452de,+375 17 3979612,babitskaya@iboch.by,www.iboch.bas-net.by,,,,,,,,,
123,"JIANGSU HUALAN NEW PHARMACEUTICAL MATERIAL CO.,LTD",China - Jiangyin,https://reg.iteca.kz/list/en/detailsfull.aspx?link=0x656ca9f9a5283f4fb3bff60962e337cb,+86 17306112568,chengm@hlnpm.com,www.hlnpm.com,,,,,,,,+86 17306112568,
124,KARSAI ALBA KFT.,Hungary - Szekesfehervar,https://reg.iteca.kz/list/en/detailsfull.aspx?link=0x90889372013d93418aa910eed2c751b1,+36 22 510010,szentes.margit@karsai.hu,www.karsai.hu,,,,,,,,,
125,"KAZANADA, ITC",Kazakhstan - Astana,https://reg.iteca.kz/list/en/detailsfull.aspx?link=0xd518aaeb6ae1b845ae80ac9fe0316132,+77084256594,office@kazanada.com,www.kazanada.com,kazanada_itc,,,https://t.me/kazanada,,www.linkedin.com/in/kazanada,,+77084256594,
126,"KAZMEDEQ.KZ, LLP",Kazakhstan - Astana,https://reg.iteca.kz/list/en/detailsfull.aspx?link=0xc7b60eaa4f9a03409a418ec1dcdb2b32,+ 7 (717) 222-25-00,info@kazmedeq.kz,www.kazmedeq.kz,_kazmedeq_,,,,,,,87001222500,
127,"KAZMEDIAL, LLP",Kazakhstan - Shymkent,https://reg.iteca.kz/list/en/detailsfull.aspx?link=0xad717828b13e224f84938185e80d7df3,87017688323,ninel9997@mail.ru,www.kazmedial-market.kz,Kazmedial-market.kz,,,,,,,87017688323,
128,"KAZMEDPRO.KZ, LLP",Kazakhstan - Almaty,https://reg.iteca.kz/list/en/detailsfull.aspx?link=0xf13f285100296741ae3a5a78d9dc4fad,+7 (708) 863-57-76,info@kazmedpro.kz,www.kazmedpro.kz,,,,,,,,+7(747)299-66-61,
129,"KAZYNA ADS, LLP",Kazakhstan - Almaty,https://reg.iteca.kz/list/en/detailsfull.aspx?link=0xceaa8344e592854cba25768d56b29eb9,+ 7 701 783 01 76,info@adskazyna.kz,www.adskazyna.kz,,,,,,,,,
130,"KEXING BIOPHARM CO.,LTD",China - Shandong,https://reg.iteca.kz/list/en/detailsfull.aspx?link=0xd0037a69cd80fd4d9735c2d40855e5c4,+86-15634806607,chenxiaoyu@kexing.com,www.kexing.com,,,,,,Kexing BIopharm,,,
131,"KIFMED, LLP",Kazakhstan - Almaty,https://reg.iteca.kz/list/en/detailsfull.aspx?link=0x289536a4e074a14c83d584ba797269f6,"8 727 394 76 29, 87019583062",info@kifmed.kz,,,,,,,,,,
132,KMDA,South Korea - Seoul,https://reg.iteca.kz/list/en/detailsfull.aspx?link=0x0e4993fa11af88498b4aac1b9d78e86b,+8270 4837-5053,ted@medinet.or.kr,"www,medinet.or.kr",,,,,,,,,
133,"KME - ANTI-АGE, LLP",Kazakhstan - Almaty,https://reg.iteca.kz/list/en/detailsfull.aspx?link=0x71b61e05d4e58c45b4d6d08e56117e2a,+77775061481,labelamafia@bk.ru,www.kmedex.org,,,,,,,,,
134,KOMBIMED GMBH,Germany - Dortmund,https://reg.iteca.kz/list/en/detailsfull.aspx?link=0x7119906f57d4e14b9fcbd99aa22cf57c,"+49 231 33019870, +77066707025",sales@kombi-med.com,www.kombi-med.com,https://www.instagram.com/kombimed,https://www.facebook.com/kombimed.GmbH,,+77066707025,,https://www.linkedin.com/company/kombimed-gmbh/,,+77066707025,
135,"KONTAKT, LLP",Kazakhstan - Shymkent,https://reg.iteca.kz/list/en/detailsfull.aspx?link=0x5c8807b2f88d5343807c845c4902ea8f,"+7 7252 555090, 555096, 553345",info@kontaktfarm.kz,www.kontaktfarm.kz,kontaktfarm_kz (http://www.instagram.com/kontaktfarm_kz/),kontaktfarm (https://www.facebook.com/kontaktfarm),ТОО Контакт (https://www.youtube.com/channel/UCgybLAFPdFvvbUbZCa3By9g),,,,llpkontakt (https://twitter.com/llpkontakt),https://wa.me/77479448102,
136,"KRISTALL AST, LLP",Kazakhstan - Astana,https://reg.iteca.kz/list/en/detailsfull.aspx?link=0x861b4d4ccd2aa8409cb5a447f59abc38,+7 747 440 40 21,info@kristallast.kz,,@medmagkz,,,,,,,"+7 747 177 09 66, +7 747 177 07 86",
137,KUZNETSOV 'S LABORATORY,Russia - Moscow,https://reg.iteca.kz/list/en/detailsfull.aspx?link=0xc2fd94b008c55e4281586f42b228408e,+7 (499) 678-81-40,info@kuznecov-lab.ru,www.kuznecov-lab.ru,https://www.instagram.com/laboratoria_kuznecova/,,https://www.youtube.com/@user-ng1bt8qb4m,,VK: https://vk.com/applicator_kuznetsova,,,,
138,"LABORATORY SOLUTIONS, LLC",Russia - Barnaul,https://reg.iteca.kz/list/en/detailsfull.aspx?link=0x79a74c96f5606d4bb323401880f8691e,8-800-551-61-71,sales@lab-solution.ru,www.лаб-решение.рф,,,,,,,,,
139,"LABTECHNOLOGY, LLP",Kazakhstan - Almaty,https://reg.iteca.kz/list/en/detailsfull.aspx?link=0xe3221de5cd7626499e74d6f824067b0a,+77010533309,sales2@labtech.kz,www.labtech.kz,LabTechnology,LabTechnology,LabTechnology,+77010533309,,,,+77010533309,
140,"LAMSYSTEMS, CC","Russia - Miass, Chelyabinsk region",https://reg.iteca.kz/list/en/detailsfull.aspx?link=0xb5d6a91845737d4899a7fab90d61a63e,+7 (3513) 255-255,sale-sng@lamsys.ru,www.lamsys.ru,,,https://www.youtube.com/user/lamsys,,VK: https://vk.com/lamsys,,,,
141,"LAUMA MEDICAL LSEZ, LLC",Latvia - Liepaja,https://reg.iteca.kz/list/en/detailsfull.aspx?link=0x961cd3270734ec4685b5e17746ae233f,+371 261 122 15,medical@laumamedical.com,www.laumamedical.com,https://www.instagram.com/lauma.medical/,https://www.facebook.com/LaumaMedical/,https://www.youtube.com/@laumamedical4330,,VK: https://vk.com/laumamedical,,,,
142,"LEPU MEDICAL, LTD",China - Beijing,https://reg.iteca.kz/list/en/detailsfull.aspx?link=0x292167e4e287b24f88be8c900932a478,86 10 80120622,alex.sun@lepu-medical.com,www.en.lepumedical.com,https://www.instagram.com/lepumedical/,https://www.facebook.com/LepuMedical,https://www.youtube.com/channel/UCrXPvIDjjs1Ljo5oO8HttKA,,,https://www.linkedin.com/company/3995243/admin/,https://twitter.com/Lepu_Medical,,
143,"LIMI CONSULTING SERVICE, LLP",Kazakhstan - Almaty,https://reg.iteca.kz/list/en/detailsfull.aspx?link=0x85c99e49f311f640b81f9b11805f59c9,+7 7085001056,info@lcs-kz.com,www.lcs-kz.com,https://www.instagram.com/limi.kz/,https://www.facebook.com/lcskz,,,,https://www.linkedin.com/in/olzhas-akhmetsadyk-574314168/,,+77085001056,
144,LITOPLAST-MED,Belarus - Minsk,https://reg.iteca.kz/list/en/detailsfull.aspx?link=0x6ea45cfd6f5a3a4f84d83b25ccb7bcc5,+375 29 674 27 77,kurzova@litoplast.by,www.litoplast.by,,,,375 29 671 15 00,,,,375 29 674 27 77,375 29 674 27 77
145,LOJER MEDICAL,Russia - Moscow,https://reg.iteca.kz/list/en/detailsfull.aspx?link=0x7c9224c422fa9943bc1d91b6deba1901,+7 495 269-06-95,info@lojer.com,www.lojer.com,,,,,,,,,
146,"LONGEST, LLP",Kazakhstan - Almaty,https://reg.iteca.kz/list/en/detailsfull.aspx?link=0x5fb6b15576ef9b4c93a5662200fb5c80,"+7 (727) 310-24-29, +7 777 129 9690",info@longest.kz,www.4clinic.kz,longest.uvt,,https://www.youtube.com/channel/UCjOARc4hWXnU2Uc61c0HHiQ,longest_uvt,VK: https://vk.com/uvt.longest,,,+7 747 860 4028,
147,"LR MED, LTD",Kazakhstan - Almaty,https://reg.iteca.kz/list/en/detailsfull.aspx?link=0x470e3d2f3bf3b149a33270fd37e48ba4,+7 (727 2473868,lr_med@mail.ru,,,,,,,,,,
148,"LYTECH CO, LTD",Russia - Москва,https://reg.iteca.kz/list/en/detailsfull.aspx?link=0x62b85a830d4b1b4781eb361d50cd39a5,+74952583947,info@lytech.ru,www.lytech.ru,,,https://www.youtube.com/channel/UCpUqF1N74JF7JpRc5b8UoVA/videos,,,,,,
149,"MBIONICS, LLC",Kazakhstan - Astana,https://reg.iteca.kz/list/en/detailsfull.aspx?link=0xe90e8bb633b5184e93ca8a20b7ece334,+77051703774,info@mbionics.kz,www.mbionics.kz,mbionics_company,,,,,,,+77051703774,
150,"MC MED-CONTINENT KZ, LLP",Kazakhstan - Almaty,https://reg.iteca.kz/list/en/detailsfull.aspx?link=0x899fd38b2321b34a989f1d4b910c4476,+7 (727) 221-85-11,info-kz@med-continent.kz,www.med-continent.kz,@med_continent_kz,medcontinentkz,,,VK: medcontinentkz,,,+77022049409,+77010987904
151,"MEDCOMFORT, LLP",Kazakhstan - Shymkent,https://reg.iteca.kz/list/en/detailsfull.aspx?link=0xd417b21ab340ef41b9be4188991fd540,+77252450051,sales@medcomfort.kz,www.medcomfort.kz,medcomfort.kz,medcomfort.kz,,,,,,+77075450051,
152,MEDELEMENT,Kazakhstan - Almaty,https://reg.iteca.kz/list/en/detailsfull.aspx?link=0x9cc649b1728d0b4581695fb1959757c9,+77470940220,office@medelement.com,www.medelement.com,,,,https://t.me/medelementcom,,,,,
153,MEDIATRADE S.R.O.,Czech Republic - Policna,https://reg.iteca.kz/list/en/detailsfull.aspx?link=0x11113b0b935efa47a02e411f3553d13b,+420777048081,business@mediatrade.cz,www.mediatrade.cz,,,,,,,,,
154,"MEDICAL INNOVATIVE TECHNOLOGIES, LLP",Kazakhstan - Almaty,https://reg.iteca.kz/list/en/detailsfull.aspx?link=0x5a8b5f471ccb23489dd29b2bc7f5f5f1,"+7 (727) 348 00 03, +7 (717) 297 21 03",info@medico-intech.kz,www.medico-intech.kz,@medico_intech,https://www.facebook.com/profile.php?id=100088307473067,https://www.youtube.com/@medicaltechnologies01,,,,,+77013091953,
155,"MEDICAL SOLUTIONS, LLP",Kazakhstan - Almaty,https://reg.iteca.kz/list/en/detailsfull.aspx?link=0x9942ab6c468eeb41b5a1f62a7c6c3a6b,+77018796970,medsolutions@yandex.ru,,,,,,,,,,
156,"MEDICAL STORE, LLP",Kazakhstan - Almaty,https://reg.iteca.kz/list/en/detailsfull.aspx?link=0x442119085851754b9564db0fd9a3e7b2,"+77272219110, +77058737227",info@medstore.kz,www.medstore.kz,medstore.kz,,,,,,,,
157,"MEDICAL SYSTEMS AND TECHNOLOGIES, LLP",Kazakhstan - Almaty,https://reg.iteca.kz/list/en/detailsfull.aspx?link=0x99960907272cc84ba10ea18756b3161b,+7 (727) 310-86-13,yes@medsyst.kz,www.medsyst.kz,https://www.instagram.com/mst_asia/,https://www.facebook.com/profile.php?id=100089643847263,https://www.youtube.com/medsyst,https://t.me/mst_medsyst,VK: https://vk.com/medsyst_ltd,,,+79313892246,
158,MEDICAL VISUAL SYSTEMS,Russia - Saint-Petersburg,https://reg.iteca.kz/list/en/detailsfull.aspx?link=0xbe1f638ca83f31409aeb1b864325763e,+7 (812) 334 49 39,mail@mvsystem.ru,www.mvsystem.ru,https://instagram.com/medical_visual_systems?igshid=YmMyMTA2M2Y=,,https://www.youtube.com/channel/UCzDo8hiQrv17M3ywbjN1JKQ,https://t.me/medicalvisualsystems,VK: https://vk.com/public211635455,,,,
159,"MEDICAL-SERVICE, LLP",Kazakhstan - Almaty,https://reg.iteca.kz/list/en/detailsfull.aspx?link=0xc077e9e7030928478beeda83b3400376,+7 701 512 69 74,sales@medical112.kz,www.medical112.kz,https://www.instagram.com/medical112service/,https://www.facebook.com/Medicalsrvice,https://www.youtube.com/channel/UCwBZbeOqzTPXfsNBU0d-OMw/videos,,VK: https://vk.com/medical112,,,,
160,MEDICINOFF,Russia - Moscow,https://reg.iteca.kz/list/en/detailsfull.aspx?link=0xbe2765d6a5d9db479bcaa5d43977f85f,+7 (495) 545 49 54,info@medicinoff.ru,www.medicinoff.ru,,,,,,,,,
161,"MEDICUS-M, LLP",Kazakhstan - Almaty,https://reg.iteca.kz/list/en/detailsfull.aspx?link=0x84561321451c14459fd428f57a30a905,87778115665,Yussupovaa@mail.ru,,,,,,,,,,
162,"MEDIKER, LLP",Kazakhstan - Astana,https://reg.iteca.kz/list/en/detailsfull.aspx?link=0x8a1e39c0a75fdc4096b0ff17eb31e329,"+7 (7172) 55-80-91 вн. 171 (канцелярия), +7 (7172) 79-76-76 (call-центр)","pochta@mediker.kz, pr@mediker.kz",www.mediker.kz,https://www.instagram.com/mediker.healthcare/,https://www.facebook.com/profile.php?id=100089674201844,https://www.youtube.com/channel/UC592-4GapnXbSy-edxFVFlQ,,,,,,
163,"MEDIKRAFT, LLC",Russia - Novosbirsk,https://reg.iteca.kz/list/en/detailsfull.aspx?link=0x3d384c9175afd543bf08235c836af1cb,+7 3832136391,sales@medikraft.ru,www.medikraft.ru,,,,,,,,,
164,"MEDILUX, LLP",Kazakhstan - Almaty,https://reg.iteca.kz/list/en/detailsfull.aspx?link=0x646e70507aec6940a6ddddfba1208a2a,"+7 (727) 2695419, 2611482",info@medilux.kz,www.medilux.kz,medilux_kz,,,,,,,,
165,MEDINDUSTRIA SERVICE LTD,Belarus - Minsk region,https://reg.iteca.kz/list/en/detailsfull.aspx?link=0x8d8d33aeead3a743810b12ccaf74dd94,+375 17 543 19 19,med@medin.by,www.medin.by,,,,,,,,,
166,MEDIOLA,Belarus - Minsk,https://reg.iteca.kz/list/en/detailsfull.aspx?link=0xa8d4b5c7d77e92498cee4b1420d76055,+375 17 385 19 22,info@mediola.by,www.mediola.by,https://www.instagram.com/mediola.by/,https://www.facebook.com/mediola.medical/,https://www.youtube.com/@mediola6071,+375293851921,VK: -,-,-,+375293851921,+375293851921
167,"MEDITECH, LLP / DR.ESTETIC TECHNOLOGIES",Kazakhstan - Almaty,https://reg.iteca.kz/list/en/detailsfull.aspx?link=0x5bf72ee03bd6e9428a89dd55cc454e85,+7 706 420 48744,cherney@hi-meditech.ru,www.estetic-tech.kz,https://www.instagram.com/estetic.tech.kz/,,,,,,,,
168,"MEDPLANT, LLC",Russia - Moscow,https://reg.iteca.kz/list/en/detailsfull.aspx?link=0x6b72a0ff56d6e84ea63ff276ec2a9702,+7495 223 60 16,medplant@medplant.ru,www.medplant.ru,,,https://www.youtube.com/channel/UCHDmVxHViDDK_zYgBsxXyvw,https://t.me/medplantm,VK: https://vk.com/medplant,,,,
169,MEDPROTECH,Russia - Barnaul,https://reg.iteca.kz/list/en/detailsfull.aspx?link=0x96ba638a96c2fc4e921ced4fb095aeec,+7 983 5480361,sarana@list.ru,www.medprotech.ru,,,,,,,,,
170,"MED-RAY, LLC",Russia - Moscow,https://reg.iteca.kz/list/en/detailsfull.aspx?link=0xf6856f7d91c4ba4496660a0d83ebe439,+7 (495) 668 07 64,info@med-ray.ru,www.med-ray.ru,,,https://youtube.com/@archimedmed-ray435,,,,,,
171,"MEDRUG, LLC",Kazakhstan - Almaty,https://reg.iteca.kz/list/en/detailsfull.aspx?link=0xa2405a7d32a75e46b2b11fe4e91a7ed2,+7 775 192 99 11,info@medrug.kz,www.medrug.kz,medrug.kz,medrug.kz,@medrug8843,medrug.kz,,,,+7 700 680 99 11,
172,MEDSTANDARD,Kazakhstan - Almaty,https://reg.iteca.kz/list/en/detailsfull.aspx?link=0xc0a170e67215ab4fb6021d435a20129f,+7 727 250 00 11,info@medstandard.kz,www.medstandard.kz,https://www.instagram.com/medstandard.kz/,https://www.facebook.com/medstandard.kaz,https://www.youtube.com/@medstandard907,https://t.me/medstandard_news,,https://www.linkedin.com/in/medstandard-kazakhstan-25a41310b,https://twitter.com/MedstandardRu,https://wa.me/77760055463?text=,
173,"MEDTRADE KAZAKHSTAN, LLP",Kazakhstan - Almaty,https://reg.iteca.kz/list/en/detailsfull.aspx?link=0x345368e14297aa49a32d669d98436d8c,+77017690975,medtradekz@mail.ru,www.chison.com.kz,https://instagram.com/chison.kz?igshid=ZjE2NGZiNDQ=,https://www.facebook.com/chison.kz?mibextid=LQQJ4d,chison.com,https://t.me/chisonkz,,,,87778970881,87017690975
174,"MEDTRANS, LLP",Kazakhstan - Kostanay,https://reg.iteca.kz/list/en/detailsfull.aspx?link=0xb1b4a546ce7744449ba547ec5120f62e,+7 (7142)50-99-76,medtrans.kst@gmail.com,,,,,,,,,,
175,MELITTA,Russia - Moscow,https://reg.iteca.kz/list/en/detailsfull.aspx?link=0xe180bd1223139c4dbf4fcf4f9abaff72,+7 (495) 729-35-34,mail@melitta-uv.ru,www.melitta-uv.ru,,https://www.facebook.com/melitta.uv.ru,https://youtube.com/@user-wd5qm8hk2d,,,https://www.linkedin.com/company/melitta-uv,,,
176,"METEOR IT, LLP",Kazakhstan - Almaty,https://reg.iteca.kz/list/en/detailsfull.aspx?link=0xfdbe6e4262d3134199ede37dc1918b5a,+7 727 3396-800,order@meteorit.kz,www.meteorit.kz,meteorit.kz_official,Meteorit.kz,@meteorit2907,,,,,,
177,"MIASSKY MEDICAL EQUIPMENT PLANT-K, LLP",Kazakhstan - Almaty,https://reg.iteca.kz/list/en/detailsfull.aspx?link=0xa404decad0c54b42bd7ee8f8e1c37770,+7 727 341 03 78,mzmok@list.ru,www.laminar.ru,,,,,,,,,
178,"MICO BIOMED CO., LTD.",South Korea - Seongnam-si,https://reg.iteca.kz/list/en/detailsfull.aspx?link=0xc5e6ad3c4f08284cb6640e52ef462a90,+82 70-5227-6027,salesbio@micobiomed.com,www.micobiomed.com,,,https://youtube.com/@micobiomed3386,,,https://www.linkedin.com/company/micobiomeduk/,,,
179,"MICRO SOLUTIONS, LLP",Kazakhstan - Karaganda,https://reg.iteca.kz/list/en/detailsfull.aspx?link=0x9e8f6d95e1c40a44a278f4d1ba937ef5,+7 705 205 00 16,info@mcrs.kz,www.mcrs.kz,https://instagram.com/micro.solutions.llp?igshid=YmMyMTA2M2Y=,https://www.facebook.com/micro.solutions.llp/?_rdc=1&_rdr,https://www.youtube.com/@LabQuryltai/featured,https://t.me/labquryltai,,,,+7 705 205 00 16,
180,MINA WORLD,South Korea - Changwon-si,https://reg.iteca.kz/list/en/detailsfull.aspx?link=0xc94bd44644d0934cbfc833a4ec7182de,"+82 10-8938-2372, +82-70-8150-2372",minalee@mostkr.com,www.mostkr.com,kbeauty.tour,,,+82 10-8938-2372,,,,+82 10-8938-2372,
181,"MINFOUND MEDICAL SYSTEMS CO., LTD",China - Hangzhou,https://reg.iteca.kz/list/en/detailsfull.aspx?link=0x5ce329222f95a74bac6dbd2dc1e1c6d4,+86(0571)85196059,info@minfound.com,www.minfoundmedical.com,,"MinFound Medical Systems Co., Ltd",@minfound_medical,,,"MinFound Medical Systems Co., Ltd",@MinfoundMedical,,
182,MINISTRY OF EDUCATION OF THE REPUBLIC OF BELARUS,Belarus - Minsk,https://reg.iteca.kz/list/en/detailsfull.aspx?link=0xccfae425e5eb944fbd0d401cd4f3ea32,+375 17 2008328,maksutenko@edu.gov.by,www.edu.gov.by,https://www.instagram.com/minedu_rb/,https://www.facebook.com/belarusminedu/,,https://t.me/MinobrofBelarus,,https://vk.com/public144430687,https://twitter.com/minobr_rb,,
183,"MINSKINTERCAPS, UE",Belarus - Minsk,https://reg.iteca.kz/list/en/detailsfull.aspx?link=0xec0e42f434f79642ad3c0d59c7142d69,+375173222718,marketing@mic.by,www.mic.by,,,,,,,,,
184,"MLT, LLC","Russia - Dubna, Moscow region",https://reg.iteca.kz/list/en/detailsfull.aspx?link=0xd252bf39b441514bb77867d21cc27279,+7-495-287-8100,mlt.dubna@mail.ru,"www.emco.ru, www.fastainer.com",,,,,,,,,
185,MOSCOW CITY CLINICAL HOSPITAL AFTER V.M. BUYANOV,Russia - Москва,https://reg.iteca.kz/list/en/detailsfull.aspx?link=0xe3d2b43bc9f033448b4796bef3d9ff8c,+74953224210,dms@gkb-buyanova.ru,www.gkb-buyanova.ru,,,,,VK: Vk.com/gkb_buyanova,,,,
186,"MOSCOW PROSTHETIC AND ORTHOPEDIC ENTERPRISE, JSC",Russia - Moscow,https://reg.iteca.kz/list/en/detailsfull.aspx?link=0x372f8a70d64be0479742d867aea414fa,+7 (499) 488-00-83,info@mprop.ru,www.mosprop.ru,,,,https://t.me/moscowprop,VK: https://vk.com/moscowprop,,,,
187,MY SUN,Russia - Moscow,https://reg.iteca.kz/list/en/detailsfull.aspx?link=0xc7bc92a032254c4d96f3c9dd6b058fdc,+7 (968) 807-79-11,centr-zvezda@yandex.ru,www.solncemoe-equipment.com,,,,,,,,+7 (968) 807-79-11,
188,"NAFTALAN BIO, LLP",Kazakhstan - Almaty,https://reg.iteca.kz/list/en/detailsfull.aspx?link=0x2bc1536d74db0e478f982b2e680d4b8c,7078665909,arman_alaev@mail.ru,,naftalanbio,,,naftalanbio,,,,87071571711,
189,"NANJING PERLOVE MEDICAL EUIPMENT CO.,LTD",China - Nanjing,https://reg.iteca.kz/list/en/detailsfull.aspx?link=0x00975f1ec737d34084094be908c5fa7c,86 137 7656 0825,perlove-010@perlove.com.cn,www.perlove.com.cn,,https://www.facebook.com/PerloveWorld,https://www.youtube.com/channel/UC0x1n0wP7dwL2n9OBNuVWcw,,,https://www.linkedin.com/company/nanjing-perlove-medical-equipment-co-ltd/?viewAsMember=true,,,
190,"NEUROCOR, LLC",Russia - Moscow,https://reg.iteca.kz/list/en/detailsfull.aspx?link=0xd5c684eafe7dcd48a3f10e4dc4af0fba,+7 495 7403534,E-mail: info@neurocor.ru,www.neurocor.ru,,,,,,,,,
191,"NEWFARM, LLC",Russia - Kineshma,https://reg.iteca.kz/list/en/detailsfull.aspx?link=0x544b878c94904243992a119d6e082fe9,+7 49331-3-70-12,8-800-555-00-63,www.n-farm.ru,,,,,,,,,
192,"NIKA PHARM, LLC",Uzbekistan - Tashkent,https://reg.iteca.kz/list/en/detailsfull.aspx?link=0xa5648a3dfae4c84a9ac90bff14d40a4e,+998781508704,info@nikapharm.uz,www.nikapharm.uz,,,,,,,,,
193,"NOVIRS MEDICAL, LLP",Kazakhstan - Almaty,https://reg.iteca.kz/list/en/detailsfull.aspx?link=0xe2f6f16868cd904d8bc712b156910f12,8 727 367 03 03,info@novirs.kz,www.novirs.lz,,,,,,,,,
194,"NUCMED, LLP",Kazakhstan - Semey,https://reg.iteca.kz/list/en/detailsfull.aspx?link=0xbcc8f427cfa7094a9f72fb08b5e691ca,+7 708 380 74 30; +7 777 196 98 99,info@nucmed.kz; kanysh@nucmed.kz,www.nucmed.kz,,,,,,,,8 708 380 74 30,
195,"NUROTECH, LLP",Kazakhstan - Almaty,https://reg.iteca.kz/list/en/detailsfull.aspx?link=0xe5a31e5222f4e840a2fff6d6f8297d9b,"+7 727 341 0103, +7 771 266 8228",nurotech@mail.ru,www.nurotech.kz,@nurotech,,,,,,,+77712668228,
196,"OASIS GROUP DISTRIBUTION, LLP",Kazakhstan - Алматы,https://reg.iteca.kz/list/en/detailsfull.aspx?link=0x71f96bbc31bfda458de73e2cded4eb65,87007986775,anastassiya.parshina@oasis-sauda.kz,www.oasis-sauda.kz,https://www.instagram.com/oasisgroupkz/,https://www.facebook.com/oasisgroupkz/,https://www.youtube.com/channel/UCA2Dyi-1eqeCduGXgmOrc3w,https://t.me/oasisgroupkz,,,,https://wa.me/77007986775,
197,"OBSERVER, LLC",Russia - Kaliningrad,https://reg.iteca.kz/list/en/detailsfull.aspx?link=0xfe250dfb486e334da9897a2769635c3a,+7 (4012) 31-07-15,contact@o-mp.ru,www.o-mp.ru,https://instagram.com/observerrussia,https://www.facebook.com/ObserverRussia,https://www.youtube.com/channel/UCeUckIi1VAZPksnDq83NKsQ,,VK: https://vk.com/observerrussia,,,,
198,"OPTIMA SOBIRJON, LLC",Uzbekistan - Samarkand,https://reg.iteca.kz/list/en/detailsfull.aspx?link=0xa31f9cf39f3f3246a67805bbd7726840,+ 998 90 604 00 02,info@optimagloves.uz,www.optimagloves.uz,,,,,,,,,
199,"OPTIMUS MEDICA, LLP",Kazakhstan - Almaty,https://reg.iteca.kz/list/en/detailsfull.aspx?link=0x4b3f46ad6f94f54b9b6dfcd440085968,87004909990,,,,,,,,,,,
200,"ORDAMED, JSC",Kazakhstan - Almaty,https://reg.iteca.kz/list/en/detailsfull.aspx?link=0x824a5b73b8e96c4f8fd3bdeea8d0f593,8 800 070 70 72,info@ordamed.kz,www.ordamed.kz,https://www.instagram.com/ordamed.kz/,https://www.facebook.com/ordamed.kz,https://www.youtube.com/c/Ordamedkazakhstan/featured,https://t.me/joinchat/AAAAAD78Uo9eT4vZ1FLsmw,VK: https://vk.com/ordamed,https://www.linkedin.com/company/1168294/admin/,https://twitter.com/ordamed,https://wa.me/77772707030,
201,"OST-FARM, LLP",Kazakhstan - Ust-Kamenogorsk,https://reg.iteca.kz/list/en/detailsfull.aspx?link=0x55858c19c810e640ac6750038c51a24d,+7 (7232) 766581,office@ostfarm.kz,www.ostfarm.kz,https://www.instagram.com/ostfarm_kz/,,,,,,,,
202,"OZAR PHARM, LLP",Kazakhstan - Almaty,https://reg.iteca.kz/list/en/detailsfull.aspx?link=0xbae0c3e7fdeaae47be65c8e54a5bb219,+77753072763,distr@barbados.kz,,,,,,,,,+77753072763,
203,"PARAPHARM, LLC",Russia - Penza,https://reg.iteca.kz/list/en/detailsfull.aspx?link=0x5e753757b86c1747927f910551515007,+79022042474,inper1962@gmail.com,"www.secret-dolgolet.ru, www.parapharm-russia.ru",osteomed_parapharm,,@parapharm_penza,Парафарм. Все о здоровье,VK: Витамины и травы Парафарм,,,,
204,"PHARM CONSULT, LLP",Kazakhstan - Almaty,https://reg.iteca.kz/list/en/detailsfull.aspx?link=0x42014d41ddb29b499a5845a93dfa0cca,+7 (727) 327-90-80,info@pharmc.kz,www.pharmc.kz,,,,,,https://www.linkedin.com/company/pharmconsultkz/,,https://api.whatsapp.com/send/?phone=77715584711&text&type=phone_number&app_absent=0,
205,"PHARMEVO (PVT.), LTD",Pakistan - Karachi,https://reg.iteca.kz/list/en/detailsfull.aspx?link=0x6a320a4b7260a640af99d12382decf8c,"92-21 34315195-7, 34556330",mail@pharmevo.biz,www.pharmevo.biz,https://www.instagram.com/pharmevoprivatelimited/?hl=en,https://www.facebook.com/PharmEvo/,https://www.youtube.com/c/PharmEvoPrivateLimited,https://pk.linkedin.com/company/pharmevoofficial,VK: N/A,https://pk.linkedin.com/company/pharmevoofficial,https://twitter.com/pharmevo?lang=en,N/A,N/A
206,PHARMGRAND LTD,Kazakhstan - Astana,https://reg.iteca.kz/list/en/detailsfull.aspx?link=0x2ea075b889971e438f8d7a8ab87d8829,87172264636,farmgrand@mail.ru,www.armgrand.kz,farmgrand.kz,,,,,,,87084254636,
207,PIKDARE SPA,Italy - Casnate con bernate,https://reg.iteca.kz/list/en/detailsfull.aspx?link=0x38ae1708521ae14494abfb6b8cd74ae0,+39 031 7111,yerden.zhantuarov@pikdare.com,www.pikdare.com,,,,,,,,,
208,"POTOK INTER SCIENTIFIC-MANUFACTURING FIRM, LLC",Russia - Moscow,https://reg.iteca.kz/list/en/detailsfull.aspx?link=0xbdaa0c549b9d9d41ab9b06bb6fe5b82a,,post@potok.com,www.potok.com/ru,,,,,,,,,
209,"PROF MED, CORPORATION",Kazakhstan - Almaty,https://reg.iteca.kz/list/en/detailsfull.aspx?link=0x8e1de97987abcd4aaf07088b4091e41e,+7 (727) 293-19-46,ceo@prof-med.kz,www.prof-med.kz,,https://www.facebook.com/profmedkz.profmed,,,,,,+7 777 214 7384,
210,"PROM-EA, LLP",Kazakhstan - Shymkent,https://reg.iteca.kz/list/en/detailsfull.aspx?link=0xe375802404f6f1419eef871d33fe312c,+7 7252 61 04 38,promea.kz@gmail.com,www.promea.kz,,,,,,,,,
211,"PROSPON, SPOL. S R.O.",Czech Republic - Kladno,https://reg.iteca.kz/list/en/detailsfull.aspx?link=0x4f1b72a7727f2247b706dabfce8f5b77,+ 420 725 909 805,ivana.cejkova@prospon.cz,www.prospon.cz,,,,,,,,,
212,PURUS PRO S.R.O.,Czech Republic - Valasske Mezirici,https://reg.iteca.kz/list/en/detailsfull.aspx?link=0xeb0e7fa54616f444b39a4833f7630f13,+420 730 178 855,info@puruspro.cz,www.puruspro.cz,,,,,,,,,
213,"Q-MED, LLC",Kazakhstan - Almaty,https://reg.iteca.kz/list/en/detailsfull.aspx?link=0x72e519e9632cff48baa2ce83f4d63ab0,+7 707 0000911,info@qmed.company,www.qmed.company,qmed.company,qmed.company,,,,,,+7 771 506 99 30,
214,"QUALITY PHARM, LLC",Uzbekistan - Tashkent,https://reg.iteca.kz/list/en/detailsfull.aspx?link=0x37496024ce934940a77a639aaa7d01bf,+998 71 209 77 11,info@finflex.uz,www.finflex.uz,,,,,,,,,
215,"R OPTICS MEDICAL, LLP",Kazakhstan - Almaty,https://reg.iteca.kz/list/en/detailsfull.aspx?link=0x817df2bafd3f31469852fa312cf961b3,8 (727) 232-15-29,info@r-optics.kz,www.r-optics.kz,,,,,,,,+77771236932,
216,"REGISTRARIUS, LLC",Kazakhstan - Almaty,https://reg.iteca.kz/list/en/detailsfull.aspx?link=0x026595f545487b49bd40f4c2223c1926,+7 771 888 77 11,info@registrarius.org,www.registrarius.org,@registrarius,https://www.facebook.com/registrarius/,,,,https://www.linkedin.com/company/12584091/admin/,https://twitter.com/registrarius_,+7 771 888 77 11,
217,"REMI, LTD",Kazakhstan - Almaty,https://reg.iteca.kz/list/en/detailsfull.aspx?link=0x2e29ffb01891ab4fb3e12259ae884d5f,"+7(727)3976835, 3976731, 87772500387",remi.almaty@gmail.com,www.remi.kz,,,,,,,,+77772500387,
218,"RESVENT MEDICAL TECHNOLOGY CO., LTD",China - Shenzhen,https://reg.iteca.kz/list/en/detailsfull.aspx?link=0xdb1748cde37c3847bc32159bd2988121,+8613692286043,carrie.huang@resvent.com,www.resvent.com,8613692286043,no,,+8613692286043,,,,+8613692286043,+8613692286043
219,RITM OKB ZAO,Russia - Taganrog,https://reg.iteca.kz/list/en/detailsfull.aspx?link=0x0c1199984170d146be960c64460ea195,"+7 (8634) 623179, +7(8634) 315698 ext 101","medsc@scenar.com.ru, ritm.okb@gmail.com","www.scenar.com.ru, www.scenar.com.ru/en/",https://instagram.com/scenar.world,,https://www.youtube.com/@ritmokbzao,,VK: https://vk.com/scenar.world,,,+7 919 870-00-68,
220,ROXALL MEDIZIN GMBH,Germany - Hamburg,https://reg.iteca.kz/list/en/detailsfull.aspx?link=0x284f4b8e6682ec47a69d3bdc77418907,+49 40 8972520,,,,,,,,,,,
221,"RUBIN GROUP, LLP",Kazakhstan - Shymkent,https://reg.iteca.kz/list/en/detailsfull.aspx?link=0xd5ee2992a0bd734fa73d481f069a81dc,+7 705 4465315,stetsov.dn@mail.ru,www.medmarket.asia,,,,,,,,,
222,RUSTOMOGRAF,Russia - Ryazan,https://reg.iteca.kz/list/en/detailsfull.aspx?link=0xb32c0ed78eb3d847a4bde494aaf45081,"+7 4912930003, +7 910 6432518",Sale@rustomograf.ru,www.rustomograf.ru,https://www.instagram.com/rustomograf/,https://www.facebook.com/rustomograf/,https://www.youtube.com/channel/UCPCCNMYvK7jx0jns4nB3JCw,,VK: https://vk.com/rustomograf,,,,
223,"MEDICAL STYLE, LLP",Kazakhstan - Almaty,https://reg.iteca.kz/list/en/detailsfull.aspx?link=0x4e7e832b4a62c74d8246d7c53f141363,+77475895596,j.m.r-89@mail.ru,,@medical_style.kz,,,,,,,+77475895596,
224,"SABILAND, LLP",Kazakhstan - Almaty,https://reg.iteca.kz/list/en/detailsfull.aspx?link=0x7c85fb42a5b2ea4da391bdaadc65f6ec,,,www.sabiland.kz,@sabiland_company,,,,,,,,
225,"SAIGAK-ORTO, LLP",Kazakhstan - Almaty,https://reg.iteca.kz/list/en/detailsfull.aspx?link=0xaf571d755f4b15448779e243148ccbde,+7 747 681 2684,ivenhoid@gmail.com,www.saigak-orto.kz,https://www.instagram.com/saigakorto/,,,,,,,+7 747 681 2684,
226,"SALIK LTD, LLP",Kazakhstan - Uralsk,https://reg.iteca.kz/list/en/detailsfull.aspx?link=0xa1d1610ac91df048a922eb26f5e04ce5,+77112966467,info@salikltd.kz,www.salikltd.kz,,,,@timetocare_kz,,,,+77715055575,
227,"SAMO, LLC","Uzbekistan - Tashkent region, Tashkent district",https://reg.iteca.kz/list/en/detailsfull.aspx?link=0x07fba94394296649910c4beb64214b35,+99893 546-33-06,anastasiya.ugp@yandex.ru,www.ugp.uz,,,,,,,,,
228,SANICO SRL.,Italy - Milano,https://reg.iteca.kz/list/en/detailsfull.aspx?link=0x78a11fe8e2272c4e82c8cecf4ec9d49a,+39 371 6497688,info@sanicare.it,www.sanicare.it,sanico_italia,Sanico,,,,,,+39 3716497688,+39 371 6497688
229,"SANTE MEDICAL SYSTEMS, JSC",Russia - Moscow,https://reg.iteca.kz/list/en/detailsfull.aspx?link=0x0fc97b01499c3c469e99dc6f5e1da8d2,+7 (499) 551 5575,info@sante.ru,www.sante.ru,,,,,,,,,
230,"SAPA MEDICAL, LLP",Kazakhstan - Almaty,https://reg.iteca.kz/list/en/detailsfull.aspx?link=0x0ba0c6f1164be74e91ccbb1db81f75d8,+7 707 313 11 77,info@sapamedical.kz,www.sapamedical.kz,https://instagram.com/sapamedical?igshid=YmMyMTA2M2Y=,https://www.facebook.com/sapamedical?mibextid=LQQJ4d,,,,,,+7 707 313 11 77,
231,SCALEO MEDICAL,France - Montpellier,https://reg.iteca.kz/list/en/detailsfull.aspx?link=0xe3da14b0d1ff974b9548b487b79c5922,+33664541487,cedric.etlicher@scaleomedical.com,www.scaleomedical.com,,https://www.facebook.com/scaleomedical,https://www.youtube.com/watch?v=3PZGTKypwAg,+33664541487,,https://www.linkedin.com/company/scaleo-medical,https://twitter.com/SCALEOmedical,+33664541487,
232,"SHANGHAI WANYU MEDICAL EQUIPMENT CO., LTD",China - Shanghai,https://reg.iteca.kz/list/en/detailsfull.aspx?link=0x571ef080fe5ac4468434948334e8f7ba,86 021 62778428,chloe@heershi.com,www.heershi.com,,,,,,,,+86 15155698903,
233,"SHENYANG RMS MEDICAL TECH CO., LTD",China - Shenyang,https://reg.iteca.kz/list/en/detailsfull.aspx?link=0x7b51542a46a42349a1b1755aaae242c3,86-24-31682686,eddie@rms-care.com,www.rms-care.com,,www.facebook.com/profile.php?id=100015405612782,,,,https://www.linkedin.com/in/eddie-wang-551637b8/,,0086-18240040281,
234,"SHINVA MEDICAL INSTRUMENT CO., LTD.",China - Zibo,https://reg.iteca.kz/list/en/detailsfull.aspx?link=0x647e86884a090a429efaf58913a9dca3,+86-533-3587720,sales@shinva.com,www.shinva.com,,,,,,,,+86-15662795127,
235,"SHUNMEI MEDICAL CO., LTD",China - Shenzhen,https://reg.iteca.kz/list/en/detailsfull.aspx?link=0x7975d188a79fef4792fdf7105ef557fd,"+86 183 4436 9007, +98 912 3122091","nora@shunmed.com, Sonia@shunmed.com",www.shunmed.com,,,,,,,,"+86 183 4436 9007, +98 912 3122091",
236,"SHVABE, JSC",Russia - Moscow,https://reg.iteca.kz/list/en/detailsfull.aspx?link=0x1867a95a6ef5f5468626cf0a1809d6c3,+7-499-951-48-37,info@shvabe-media.ru,www.shvabe.com,,,,,,,,,
237,SIMURG,Belarus - Vitebsk,https://reg.iteca.kz/list/en/detailsfull.aspx?link=0x7de0bf32b3a46c41878c7cabcf5eddc3,+375 21 262 32 33,p_market@simurg.by,www.simurg-mp.com,https://www.instagram.com/simurg.medicine,,https://www.youtube.com/channel/UCzETGHh_fK7ZSHNSsfNTuBw,,VK: https://vk.com/simurg_mp,,,,
238,"SIVITAL KAZAKHSTAN, LLP",Kazakhstan - Almaty,https://reg.iteca.kz/list/en/detailsfull.aspx?link=0xae03ef193c37084e81f4b2b28adc0dd3,+7 727 390 46 53,info@sivital.kz,www.sivital.kz,,,,,,,,+7 708 255 56 90,
239,"SMARTLIFE, LLC",Russia - Moscow,https://reg.iteca.kz/list/en/detailsfull.aspx?link=0x512f394656d2254b880220efae5cc104,+7 (495) 374-59-58,belyaeva@smartlife.bio,www.smartlife.bio,,,https://www.youtube.com/channel/UCm2VbUPuY5qgYqlZvAKFysg,https://t.me/smartlifebio,VK: https://vk.com/smartlifebio,,,+7 977 756-50-67,
240,"SMARTLIFECARE, LLC",Russia - Innopolis,https://reg.iteca.kz/list/en/detailsfull.aspx?link=0x4439677591cd6241a015056d04cf5d56,+7 (843) 227-42-04,mail@evotech-mg.com,www.smartlifecare.ru,,,,,,,,,
241,"SMOLENSK SDEO PCS, JSC",Russia - Smolensk,https://reg.iteca.kz/list/en/detailsfull.aspx?link=0xc1c4fbaababacd4b9f1e8eb740ad163b,+7 920 3006588,sale@sktb-spu.ru,www.sktb-spu.ru,,,,,VK: https://vk.com/club154140788,,,,
242,SOFICOPHARM,Egypt - Cairo Nasr City,https://reg.iteca.kz/list/en/detailsfull.aspx?link=0x9707c16cfd338f439951e7e4d7c5de91,00201024008821,may.mokachar@soficopharm.net,www.soficopharm.com,,,,,,,,00201024008821,00201024008821
243,SONOSCAPE,Kazakhstan - Almaty,https://reg.iteca.kz/list/en/detailsfull.aspx?link=0x0d327cc46b784449a4e9b924a0d4b0c0,+77017690975,sonotrade@mail.ru,www.sonoscape.kz,https://instagram.com/sonoscape.kz?igshid=YmMyMTA2M2Y=,https://www.facebook.com/sonoscape.kz?mibextid=LQQJ4d,,,,,,+77018490103,
244,"STYLISH DOCTOR, LLP",Kazakhstan - Almaty,https://reg.iteca.kz/list/en/detailsfull.aspx?link=0xa7fe32d3e9a2dd48aa0cd0b23faaa6ec,+77756088360,happydoctor.kz@gmail.com,,doctor__kz,,,,,,,+77756088360,
245,"TA INTERNATIONAL, LLP",Kazakhstan - Almaty,https://reg.iteca.kz/list/en/detailsfull.aspx?link=0xe42902adf3d07047a6417942681417b4,"+77774091561, +77079031654, +77762848348",sales@tainternational.kz,www.tainternational.kz,@ta_intl,,,+77774091561,,,,+77774091561,
246,"TAHATAKSI, ALC",Belarus - Minsk,https://reg.iteca.kz/list/en/detailsfull.aspx?link=0x443c5f5f3b6f8d48ab23bf110fbdf318,+375173755846,info@tahat.by,www.tahat.by,https://www.instagram.com/tahat.by/,https://www.facebook.com/tahatby/,https://www.youtube.com/channel/UCXGdhqKna1MO9dqFErwFx8w,,,https://www.linkedin.com/company/alc-tahataksi/,,,
247,"TCMT SP, LLC",Uzbekistan - Tashkent,https://reg.iteca.kz/list/en/detailsfull.aspx?link=0xec6c78e601187b4a8dc55435d72247c2,+998 (99) 132-30-30,info@tcmt.uz,www.tcmt.uz,,,,,,,,,
248,"TECHNOFILTER NPP, LLC",Russia - Владимир,https://reg.iteca.kz/list/en/detailsfull.aspx?link=0xfd0b3b04d3b3404b8cc8fa51c4e19b86,+7 492 2474741,sales@technofilter.com,www.technofilter.ru,,,,,,,,,
249,"TECHNOLOGY-STANDART, LTD",Russia - Barnaul,https://reg.iteca.kz/list/en/detailsfull.aspx?link=0x8ce8f6cb69677d41afb954e27e023843,"+7 (3852) 229-939, 229-938, 229-937",mail@tehnologia-standart.ru,www.tehnologia-standart.ru,,,,,,,,,
250,"TENGRI, LLC",Kazakhstan - Almaty,https://reg.iteca.kz/list/en/detailsfull.aspx?link=0x68c097abaeb7cd4bae70e4fec0f8f48d,+77019114077,info@tengri-llc.com,www.tengri-llc.com,tengri.llc,tengri.llc,,tengri.llc,,,,+77019110047,
251,"TENIKS-SK, LLP",Kazakhstan - Petropavl,https://reg.iteca.kz/list/en/detailsfull.aspx?link=0x551bd0eb63805c4d85c6c2bf88ab7130,"+7 (7152) 42-54-97, 42-55-15, 42-55-21","teniks-sko@mail.ru, teniksnata@mail.ru, teniks-anton@mail.ru",www.teniks-sk.kz,teniks_sk,,,,,,,,
252,"TERRITORY OF HEALTH, REHABILITATION CENTER",Russia - Barnaul,https://reg.iteca.kz/list/en/detailsfull.aspx?link=0x2c64de8fd4ef64458878f44e43760e2c,+7 (3852) 506-517,mcr-alt@mail.ru,www.mcr-alt.ru,,,https://www.youtube.com/channel/UCu5XJ2tOWnlRi0n1Qars9vg,https://t.me/territoriazdrav,VK: https://vk.com/mcr_alt22,,,,
253,"TEVO CONSULTING, LLP",Kazakhstan - Almaty,https://reg.iteca.kz/list/en/detailsfull.aspx?link=0x5e48009e4ece684ea7a33147f2748dcd,+7 (727) 296-07-88,s@tevo.com.kz,www.biod.kz,https://www.instagram.com/biodpro/,https://www.facebook.com/BiodPro/,https://www.youtube.com/channel/UCQm5B1KTcwEMpKt2uUVX8BA,+77018723815,,https://www.linkedin.com/company/42113359/admin/,,+77018723815,
254,"TEZ PHARM, LLC",Kazakhstan - Almaty,https://reg.iteca.kz/list/en/detailsfull.aspx?link=0x200d2fbcb9d76745b8b4430d48d9345c,+7 7070201020,sale@tez-pharm.kz,www.tez-pharm.kz,@tez.pharm,,tez pharm,,,,,,
255,THIRD OPINION AI,Russia - Moscow,https://reg.iteca.kz/list/en/detailsfull.aspx?link=0xf0a6dd33ee9c204ba0ce291c1815e6da,+ 7 (499) 460-63-65,ask@3opinion.ai,www.thirdopinion.ai,,,https://www.youtube.com/channel/UCWZKwWE_dGsHVd6MXF7c-7A,https://t.me/thirdopinionai,,,,,
256,TNC SILMA,Russia - Moscow,https://reg.iteca.kz/list/en/detailsfull.aspx?link=0xf0984605d0ca8d4e87489dd998d72737,+7 (495) 223-91-00,info@enterosgel.ru,wwwenterosgel.ru,,,https://www.youtube.com/c/enterosgelrussia,,VK: https://vk.com/enterosgelrussia,,,,
257,TOFFLON,China - Shanghai,https://reg.iteca.kz/list/en/detailsfull.aspx?link=0x7744bc523a2a35488a7527aebad7a227,+86 21 64906201,zoe.song@tofflon.com,www.tofflon.com,,,https://www.youtube.com/channel/UCN7xVbgTYJFVTtRTFrAyvzw,,,https://www.linkedin.com/company/tofflon-group/,,,
258,TREATMENT IN VOLGOGRAD,Russia - Volgograd,https://reg.iteca.kz/list/en/detailsfull.aspx?link=0x87180f8294584f44bb8c3d6cb1872a4e,(8442) 50-03-33,parchomenko15@list.ru,,,,,https://t.me/volgamedtravel,VK: https://vk.com/volgamedtravel,,,,
259,TUOREN MEDICAL,China - Xinxiang,https://reg.iteca.kz/list/en/detailsfull.aspx?link=0xbab505e65919f94689f21f8006674f65,+86-373-8605444,iverson@bjtuoren.com,www.tuoren.com/en,Tuoren Medical,Tuoren Medical,https://youtube.com/@tuorenmedical7425,,,Tuoren Medical,Tuoren Medical,+86 18237312673,
260,"TURAN, LLC",Kazakhstan - Almaty,https://reg.iteca.kz/list/en/detailsfull.aspx?link=0xc4853c03d8301348878d60be4236e5f0,"+7 727 2666076, +7 707 2566007",aiman@turangroup.kz,www.turangroup.kz,@tura_almaty,,,,,,,+7 747 8103038,
261,"UMAI MED, LLP",Kazakhstan - Almaty,https://reg.iteca.kz/list/en/detailsfull.aspx?link=0x8eaaa93d96eabd45b114556be8696fc5,8 777 747 77 10,Kenishev@umaimed.com,,umaimed.com,-,-,-,VK: -,-,-,8 700 495 4957: 8 700 495 495 8:,-
262,"UMECO, LLP",Kazakhstan - Almaty,https://reg.iteca.kz/list/en/detailsfull.aspx?link=0x39fde4b4d60b204ca6beec833eb3db83,+7 701 322 5216,info@umeco.kz,www.umeco.kz,,,,,,,,+7 701 322 5216,
263,"UMIT, INTERNATIONAL ONCOLOGICAL TOMOTHERAPY CENTER",Kazakhstan - Astana,https://reg.iteca.kz/list/en/detailsfull.aspx?link=0xa7c13f288e5aec43b917664b6505c8c6,"+7 7172 95-44-84,+7 777 201 44 44",office@tomo.kz,www.tomo.kz,tomocenter.kz,Центр томотерапии Umit,@tomocenterymit,+77772014444,,,,+77772014444,
264,"UNI LAND, LLP",Kazakhstan - Almaty,https://reg.iteca.kz/list/en/detailsfull.aspx?link=0x5d7761a05c1ae74991f8c87a0fe919e8,+7 (727) 327-88-70,info@uniland.kz,www.uniland.kz,https://www.instagram.com/uniland.kz/,,https://www.youtube.com/channel/UCa8lJm5N6-aWIbGkrcmq72Q,,,,,87717888870,87717888870
265,UNIM,Russia - Moscow,https://reg.iteca.kz/list/en/detailsfull.aspx?link=0xbfef305622e11f428c7205a3d0b2bc8f,+7 (495) 374-92-07,info@unim.su,www.unim.su,http://instagram.com/unim_lab,,https://www.youtube.com/@labunim,https://t.me/UNIM_rus,VK: https://vk.com/medical.unim,,,,
266,"UNIX MED, LLP",Kazakhstan - Almaty,https://reg.iteca.kz/list/en/detailsfull.aspx?link=0xd8bc0dee1faa6b4ab897fa838dfe5749,+7 (727) 397 44 54,info@unixmed.org,www.unixmed.kz,https://www.instagram.com/unixmed.kz/,,https://www.youtube.com/channel/UCFb09LH74S-vqHZe_STRNAw,,,,,87717888870,87717888870
267,"VECTOR-BIALGAM, JSC","Russia - Science town Koltsovo, Novosibirsk region",https://reg.iteca.kz/list/en/detailsfull.aspx?link=0x5532aed9111e3b45aafa38e800268b6a,"89138939890, 89139533385",bimarket@bialgam.ru,www.bialgam.ru,vector_bialgam,https://www.facebook.com/vbialgam/,https://www.youtube.com/channel/UCOASLs1UWfz7q2L2v60ohBA,https://t.me/vectorbialgam,VK: https://vk.com/vector_bialgam,,,89139533385,
268,"VECTOR-MEDICAL SYSTEM, LTD",Russia - Yekaterinburg,https://reg.iteca.kz/list/en/detailsfull.aspx?link=0x1ded1ae2b737ef45a65981943acc07d7,+7 343 3744308,dir@vectorms.ru,www.vector-ms.com,https://instagram.com/vector_medical_systems?igshid=YmMyMTA2M2Y=,,,,,,,+79122459710,
269,"VITAL DEVELOPMENT CORPORATION, JSC",Russia - Saint Petersburg,https://reg.iteca.kz/list/en/detailsfull.aspx?link=0xb2e3fe36d9ca9d42a0b4f13d93476ce8,+7 (812) 250 55 10,cis-sales@vital-spb.ru,www.vital-spb.ru,,,,,,,,,
270,"WEGO MEDICAL KZ, LTD",Kazakhstan - Almaty,https://reg.iteca.kz/list/en/detailsfull.aspx?link=0x2f17b2c3dd8e074f87bf0811d20ec3e1,+77006058000,wegokz@mail.ru,www.wegomed.kz,,,https://www.youtube.com/@wegomed,,,,,+77006058000,
271,WINBACK,South Korea - Wonju,https://reg.iteca.kz/list/en/detailsfull.aspx?link=0xba07cd23d4b49e45b7221ec83efca998,+82 1066668389,derek@winback.com,www.winback.com/en/,https://www.instagram.com/winback_go_east/,https://www.facebook.com/winbackgoeast,https://www.youtube.com/channel/UCMrrqmT-G9VBt9ZZM75izHA,-,VK: -,https://www.linkedin.com/search/results/all/?fetchDeterministicClustersOnly=false&heroEntityKey=urn%3Ali%3Aorganization%3A18363965&keywords=winback%20group&origin=RICH_QUERY_SUGGESTION&position=0&searchId=e0cc705e-16ad-457d-b7e2-291a5aca58c2&sid=II%2C,-,-,-
272,"XIANGYU MEDICAL CO., LTD",China - Anyang City,https://reg.iteca.kz/list/en/detailsfull.aspx?link=0x509f0bcff923b44c8cc2197e147238e7,86+18839765976,webb@xiangyumed.cn,www.xiangyumedical.com,,https://www.facebook.com/people/Xiangyu-Medical/100081747956429/,https://www.youtube.com/channel/UCOg7XKinrIw9qiPKBFDEVTQ,,,,,+86 18839765976,
273,"XINJIANG WANJIA MEDICAL INSTRUMENT CO.,LTD",China - XinJiang,https://reg.iteca.kz/list/en/detailsfull.aspx?link=0x57e95e612231df42b2bc99ca42fd9173,+86-13579840688,249068771@qq.com,,,,,,,,,,
274,"ZAVOD EMA, CJSC",Russia - Ekaterinburg,https://reg.iteca.kz/list/en/detailsfull.aspx?link=0x51db6f4a630c9d4ca655d46becab924f,+7 (343) 380-80-08,sales@ema.su,www.ema.su,https://www.instagram.com/zavodema/,https://www.facebook.com/zavodEMA/,,,,,,,
275,"ZEIN INVEST, LLP",Kazakhstan - Astana,https://reg.iteca.kz/list/en/detailsfull.aspx?link=0x31299abc87997a4aac058c314b8ba08a,+7 7172 270 666,info@zein.kz,www.zein.kz,,,,,,,,,
276,"ZENITH T CO., LTD.",South Korea - Gyeonggi-do,https://reg.iteca.kz/list/en/detailsfull.aspx?link=0x0cf97aeb7e966541b5ac03ffbb3c7afc,+82 10-3875-0210,ssswwwsw@naver.com,www.zenitht.kr,-,-,-,-,VK: -,-,-,-,-
277,"ZHEJIANG CHENYE MEDICAL TECHNOLOGY CO., LTD.",China - Yiwu,https://reg.iteca.kz/list/en/detailsfull.aspx?link=0x434d9b8038534045964f3881953954fa,+86 13174971442 /13295792614,zjp@cymte.com,www.cymte.com,,,,+86 13174971442 /13295792614,,,,+86 13174971442 /13295792614,
278,"ZHEJIANG ORIENT GENE BIOTECH CO., LTD",China - Huzhou,https://reg.iteca.kz/list/en/detailsfull.aspx?link=0x83abab69aede3942b3d79d00355a8d5f,+86-572-5303755/5303756,sales@orientgene.com,www.orientgene.com,,,,,,https://www.linkedin.com/company/%E6%B5%99%E6%B1%9F%E4%B8%9C%E6%96%B9%E5%9F%BA%E5%9B%A0%E7%94%9F%E7%89%A9%E5%88%B6%E5%93%81%E8%82%A1%E4%BB%BD%E6%9C%89%E9%99%90%E5%85%AC%E5%8F%B8/mycompany/,,,
279,"ZHENGZHOU YUPINTANG MEDICAL INSTRUMENT CO.,LTD.","China - Zhengzhou, Henan",https://reg.iteca.kz/list/en/detailsfull.aspx?link=0x2d985788cc71f34181a2e9b603cc116c,86 371 8655 0830,sales01@enokon.com.cn,www.enokonmedical.com,,,,,,,,8613538019843,
280,"ZHENJIANG ASSURE MEDICAL EQUIPMENT CO.,LTD",China - Zhenjiang city,https://reg.iteca.kz/list/en/detailsfull.aspx?link=0xd56695cd669f634b9860d90d31d370c3,86-511-88896286,info@assuremedical.com.cn,www.assuremedical.com.cn,,,,,,,,,
281,"ZHUHAI KEYU BIOLOGICAL ENGINEERING CO.,LTD.",China - Zhuhai,https://reg.iteca.kz/list/en/detailsfull.aspx?link=0x12b1d2f250a6c249aaa1b5874a8ec252,0756-6868171 Ext 8064,export@keyubio.com,www.keyubio.com,,,,,,,,,
282,ZPT VIGANTICE SPOL. S R.O.,Czech Republic - Roznov pod Radhostem,https://reg.iteca.kz/list/en/detailsfull.aspx?link=0x0bc8a4707aae1b4db12b3b57e91087ed,+420739450580,j.goncarova@zptvigantice.cz,www.zptvigantice.cz,,,,,,,,,
283,"ZHETYSU-MED, LLP",Kazakhstan - Almaty,https://reg.iteca.kz/list/en/detailsfull.aspx?link=0x94974f6e5e3a8649bd20a54e206068e1,+7 727 370-41-48,7su-med@mail.ru,www.chirana.kz,,,,,,,,+7 777 005 3889,
284,"MOSCOW EXPORT CENTER, ANPO (ANPO ""MEC"")",Russia - Moscow,https://reg.iteca.kz/list/en/detailsfull.aspx?link=0xb7d6f5f6130ec74ab84395c0c09e6248,+7 (499) 288-85-01,info@moscow-export.ru,www.moscow-export.com/en/,,,,,,,,,
285,"SHERCOMSERVICE, LLP",Kazakhstan - Almaty,https://reg.iteca.kz/list/en/detailsfull.aspx?link=0xc6f3515739085c479c429e7f1567d162,"+7 727 344-99-22, +7 7077454891",info@shercomservise.kz,www.shercomservise.kz,,,,,,,,,
