id,Title,Country-City,url,Phone,Email,Website,Instagram,Facebook,YouTube,WhatsApp,Telegram,Linkedin,Vkontakte,Twitter,Viber
1,AV GROUP,Казахстан - Алматы,https://reg.iteca.kz/list/detailsfull.aspx?link=0x8161cef8ebd4913f11ee3731b68a1302,+7 7212 25 96 90,ekaterina.kulikova@avgroup.kz,,,,,,,,,,
2,BUSINESS SWEDEN,Швеция - Fagersta,https://reg.iteca.kz/list/detailsfull.aspx?link=0x39b7f25481a796478e4979a4b886d692,+254 745 234 735,supplierinvoice@business-sweden.se,www.business-sweden.com,,,,,,,,,
3,ОРИКА-КАЗАХСТАН АО,Казахстан - Усть-Каменогорск,https://reg.iteca.kz/list/detailsfull.aspx?link=0x81597aeea421bb3d11edc090307435b0,+7 7232 224953,office-kz@orica.com,www.orica.com,,,,,,,,,
4,АК-НИЕТ БУРГА,Казахстан - Алматы,https://reg.iteca.kz/list/detailsfull.aspx?link=0xc9243f5825f3ba45989825732216d439,+7 701 787 91 91,info@anb.kz,www.anb.kz,@aknietburga,AK-NIET BURGA,AK-NIET BURGA Drilling Company,+77017879191,,,,,
5,A.R.S ENGINEERING SOLUTION- LTD,Израиль - Yiftah,https://reg.iteca.kz/list/detailsfull.aspx?link=0xecc6eb01078d9145a4ca04e3f5059771,+7 777 448 00 44,dayan.m@aquaroyalspring.com,www.aquaroyalspring.com,,,,,,,,,
6,ABB,Швеция,https://reg.iteca.kz/list/detailsfull.aspx?link=0x097bbb0eebfc1149bf3c29ae9c258097,,,,,,,,,,,,
7,"ACE & E CO.,LTD.",Южная Корея - ULSAN,https://reg.iteca.kz/list/detailsfull.aspx?link=0xbe7c935d34b2bf4685eab268b4728cd8,+82 52 258 4560,peentec3000@hanmail.net,www.kacene.co.kr,,,,,,,,,
8,"AG TECH, ТОО",Казахстан - Астана,https://reg.iteca.kz/list/detailsfull.aspx?link=0x8162972d8511bb3911ee4d8a173c7580,8 7172 47 28 46,info@ag-tech.kz,www.ag-tech.kz,,,https://www.youtube.com/@AG-TECH/videos,+7 702 287 97 97,+7 702 287 97 97,,,,
9,AIMI AUTOMATION,Казахстан - Almaty,https://reg.iteca.kz/list/detailsfull.aspx?link=0x8162972d8511bb3911ee511bf301c752,+77014447735,Sales@aimi-automation.com,Zhanibek Yeskendir,https://instagram.com/aimi.automation.services?igshid=YTQwZjQ0NmI0OA==,,,,,,,,
10,"AIMIX GROUP CO.,LTD",Китай,https://reg.iteca.kz/list/detailsfull.aspx?link=0x9d4a220f0dcd7c4a80a927a1296598ed,,,,,,,,,,,,
11,AIQARA ТОО,Казахстан - Алматы,https://reg.iteca.kz/list/detailsfull.aspx?link=0x8162bd396bc9787911ee3dae35c86531,+7 707 117 15 24,aiqara19@mail.ru,,,,,https://wa.me/77071171524?,,,,,
12,ALFA LAVAL,Швеция,https://reg.iteca.kz/list/detailsfull.aspx?link=0x8162bd396bc9787911ee462413733cfd,,,,,,,,,,,,
13,ALIA INSTRUMENTS BV,Нидерланды - Enschede,https://reg.iteca.kz/list/detailsfull.aspx?link=0x09358d156c84ac419b443385560693c8,+31 (0) 85 77 31 436,j.peters@aliainstruments.com,www.aliainstruments.com,,,https://www.youtube.com/@aliainstruments3206,,,https://www.linkedin.com/company/18163861/admin/feed/posts/,,,
14,ALIDADA,Казахстан - Алматы,https://reg.iteca.kz/list/detailsfull.aspx?link=0x8162972d8511bb3911ee4d8a173c757b,+7 727 349 30 57,info@alidada.kz,www.alidada.kz,https://instagram.com/alidada_engineering?igshid=MzRlODBiNWFlZA==,,https://youtube.com/@alidada_engineering?si=EKZfDswZnFjmo2Ix,,,,,,
15,"ALPHA-SAFETY, ТОО",Казахстан - Усть-Каменогорск,https://reg.iteca.kz/list/detailsfull.aspx?link=0x8157a21980bd259d11eda8f509d18f02,+7 7232 492240,sales@alpha-safety.kz,www.alpha-safety.kz,https://www.instagram.com/alphasafetyllp/,https://www.facebook.com/alphasafetyllp,,,,https://www.linkedin.com/company/alpha-safety-llp,,,
16,ALTEL BUSINESS,Казахстан - Алматы,https://reg.iteca.kz/list/detailsfull.aspx?link=0x8160e9aa7a0cc79311ee2f8076a7070e,+7 700 800 08 80,altelinfo@altel.kz,www.altel.kz/new,https://www.instagram.com/altel_kz/,https://www.facebook.com/ALTEL4GGSM,@ALTEL5G,+7 700 800 0880,https://t.me/AltelKazakhstan_bot,,,,
17,"AMBETTER MACHINERY CO.,LTD",Китай - Zhengzhou,https://reg.iteca.kz/list/detailsfull.aspx?link=0xc1fd9fe6adb4fb42b91921a6e6310014,+8618695858761,info@ambetter.ru,www.ambetter.ru,https://www.instagram.com/ambetter_group/,https://www.facebook.com/AmbetterGroup/,https://www.youtube.com/@ambettermachineryco.ltdchi2678,+8618695858761,+8618695858761,,ВКонтакте: https://vk.com/ambettermachinery,,
18,AMIS,Южно-Африканская Республика - Johannesburg,https://reg.iteca.kz/list/detailsfull.aspx?link=0xec78b5094c3ee240a5a43f26555948e6,+27 119230800,siyanda@amis.co.za,www.amis.co.za,https://www.instagram.com/myfriend_myamis/,,,,,https://www.linkedin.com/company/amis,,,
19,ANDRITZ,Австрия - Грац,https://reg.iteca.kz/list/detailsfull.aspx?link=0x248d8eb024781c409c87228fc012d6f5,+43 50805 0,separation@andritz.com,www.andritz.com/separation-en,,,https://www.youtube.com/@ANDRITZGROUP,,,https://www.linkedin.com/company/andritz-separation/,,,
20,ANMOPYC,Испания - ZARAGOZA,https://reg.iteca.kz/list/detailsfull.aspx?link=0xd240691aec511c41ab041d5f7995bcf6,+34 976 227 387,INFO@ANMOPYC.ES; ASAENZ@ANMOPYC.ES,www.anmopyc.es/es,,,,,,https://es.linkedin.com/company/anmopyc,,,
21,"ANTO MINING EQUIPMENT CO.,LTD.","Китай - Tai'an City, Shandong Province,China",https://reg.iteca.kz/list/detailsfull.aspx?link=0x266fb0c772846f4daa5d4f32f462c199,+8617753832266,rockbolt@antobolts.com,www.antobolts.com,,https://www.facebook.com/profile.php?id=100083157647348,https://www.youtube.com/watch?v=BAu5N4wWR60,,,https://www.linkedin.cn/incareer/in/ACoAADb8rvgBSeTwWSxfJfUjEDhZp8GIgBuiNSQ,,,
22,ARAMINE,Франция - Aix-en-Provence,https://reg.iteca.kz/list/detailsfull.aspx?link=0xebcdd7c240d42c49a7e00962f74d31a7,+33 (0) 442 53 53 00,info@aramine.com,www.aramine.com,https://www.instagram.com/araminegroup/?hl=fr,https://www.facebook.com/AramineFrance,https://www.youtube.com/channel/UCyv2rIVLwdVB0L70LqLaKOA,,,https://www.linkedin.com/company/aramine/,,,
23,ASTANA MINING & METALLURGY КОНГРЕСС,Казахстан - Астана,https://reg.iteca.kz/list/detailsfull.aspx?link=0x8162bd396bc9787911ee3fdb4783310c,+7 727 258 34 34,Assel.Delmanova@iteca.events,www.amm.kz,,,,,,,,,
24,ASTANA MINING MACHINERY ТОО,Казахстан - Астана,https://reg.iteca.kz/list/detailsfull.aspx?link=0x8157a21980bd259d11eda8f509d18f03,+7 700 210 08 88,amm@mash-hold.kz,www.mash-hold.kz,,,,8 700 210 08 88,,,,,
25,ASTECH ГЛОБАЛЬНАЯ МАШИНА,"Турция - ANKARA, SARAY MAH.",https://reg.iteca.kz/list/detailsfull.aspx?link=0x15cf6308b068784fb73a4ca188d2b5dd,+95464375597,info@astechmakina.com,www.astechmakina.com,https://www.instagram.com/astech_global/,https://www.facebook.com/profile.php?id=100065686921341,,+905464375597,,https://www.linkedin.com/company/83011373/admin/feed/posts/,,,
26,ATLANT ANKER SYSTEM TOO,Казахстан - Алматы,https://reg.iteca.kz/list/detailsfull.aspx?link=0x815e8f4ac426f3de11ee1734d784575f,+7 727 317 17 05,info@anker-system.kz,www.anker-system.kz,,,,,,,,,
27,AUMUND ФЁРДЕРТЕХНИК ГМБХ,Германия - Rheinberg,https://reg.iteca.kz/list/detailsfull.aspx?link=0xb571745eb8eb014da457c3999e1f8778,+492843720,minerals@aumund.de,www.aumund.com,,,https://www.youtube.com/channel/UCjhfo5qEiQyl_i15F6AHz2g,,,https://www.linkedin.com/company/aumund-group/,,,
28,IG ГЛОБАЛ,Казахстан - Астана,https://reg.iteca.kz/list/detailsfull.aspx?link=0x8160e9aa7a0cc79311ee34d7f6220165,+7 701 233 95 51,tzhebak@igglobalgroup.com,www.igglobalgroup.com,,,,,,,,,
29,I-GEO KAZAKHSTAN,Казахстан - Караганда,https://reg.iteca.kz/list/detailsfull.aspx?link=0x8160e9aa7a0cc79311ee327b56b4a8d2,+7 702 125 30 88,igeo.Kazakhstan@gmail.com,www.i-geo.kz,,,,+77021253088,,,,,
30,"IQ MINING (АЙКЬЮ МАЙНИНГ), ТОО",Казахстан - Алматы,https://reg.iteca.kz/list/detailsfull.aspx?link=0x8161cef8ebd4913f11ee351c63617151,+7 702 400 88 40,a.samoilov@iqmining.kz,,https://www.instagram.com/iq_mining_kz,,,+77024008840,,,,,
31,АЙРИХ,Германия - Хардхайм,https://reg.iteca.kz/list/detailsfull.aspx?link=0x28e73e35a54549458f68b9120f08857c,+49 6283 51 0,amagasu.akihiko@nippon-eirich.co.jp,www.nippon-eirich.co.jp/english,,,https://www.youtube.com/@-nipponeirich6488,,,https://jp.linkedin.com/company/nippon-eirich,,,
32,"АКВАЛИТ ПРОИЗВОДСТВЕННАЯ КОМПАНИЯ, ООО",Беларусь - Минск,https://reg.iteca.kz/list/detailsfull.aspx?link=0x81597aeea421bb3d11edc0183f4ab409,+375 17 396 06 84,info@akvalit.by,www.akvalit.by,https://www.instagram.com/akvalitby/,,,+7 777 738 6105,,,,,
33,АКФ ПАРК ИННОВАЦИОННЫХ ТЕХНОЛОГИЙ,Казахстан - Алматы,https://reg.iteca.kz/list/detailsfull.aspx?link=0xe5bf146298109149b314d71fbf9865c7,+7 702 209 08 49,info@techgarden.kz,www.en.techgarden.kz,https://www.instagram.com/techgarden/,https://www.facebook.com/kztechgarden,https://www.youtube.com/channel/UCexUnGw3-wV00pFAgyLh4Aw,,https://t.me/techgardenalmaty,https://www.linkedin.com/company/techgardenkz,,,
34,АМСИ ТЕХНО ТОО,Казахстан - Караганда,https://reg.iteca.kz/list/detailsfull.aspx?link=0x81597aeea421bb3d11edc0dcc8b4d3a6,+7 776 249 55 84,info@amsitehno.kz,www.amsitehno.kz,amsi_tehno_kz,,,,,,,,
35,"АРТВИК ЦЕНТРАЛЬНАЯ АЗИЯ, ТОО",Казахстан - Алматы,https://reg.iteca.kz/list/detailsfull.aspx?link=0x815e8f4ac426f3de11ee1fa2327bcf7e,+7 727 310 98 98,artvik-ca@artvik.com,www.artvik.com,,,,,,,,,
36,АС-АЙ ЛТД,Казахстан - Алматы,https://reg.iteca.kz/list/detailsfull.aspx?link=0x81597aeea421bb3d11edc0183f4ab40a,+7 775 007 09 30,sales@asay.kz; support@asay.kz,www.asay.kz,@asay.kz,@asay.kz,https://www.youtube.com/@asay,+77017239934,,,,,
37,B&E ANTEC NACHRICHTENTECHNIK GMBH,Германия - Нюрнберг,https://reg.iteca.kz/list/detailsfull.aspx?link=0x2de369ba37b9cd4d8c99366b2a2f1df2,+49(0)91146269-0,info@be-antec.de,www.be-antec.de/en,,,,,,,,,
38,BAUFLEX-ENGINEERING ТОО,Казахстан - Алматы,https://reg.iteca.kz/list/detailsfull.aspx?link=0x8160e9aa7a0cc79311ee3149f65f025e,+7 701 378 75 27,info@bauflex-engineering.kz,wwww.bauflex-engineering.kz,,,,+7 701 378 75 27,,www.linkedin.com/company/bauflex-engineering,,,
39,"BEIJING HONEST TECHNOLOGY CO., LTD",Китай - BEIJING,https://reg.iteca.kz/list/detailsfull.aspx?link=0x84ac6a6ef4d4cc4695c30006ef7c9943,+86 13521651122,duanjunjun@xndt.com.cn,www.en.xndt.com.cn,,@BeijingHonestTech,@honestbeijing9198,+86 18811711132,,,,@beijinghonest,
40,"BEIJING SCREEN TECHNOLOGY CO., LTD",Китай - BEIJING,https://reg.iteca.kz/list/detailsfull.aspx?link=0xe365d865a9147744b6723196eba4b8f1,+86-10-82610633,+86-10-82613002,www.bjscreens.com,,,,,,,,,
41,BELKA AI,Казахстан - Алматы,https://reg.iteca.kz/list/detailsfull.aspx?link=0x28f63c75f46bf8418a6d18dc05933378,+7 701 777 95 18,adil.talipov@gmail.com,www.belka.ai,,,,,,,,,
42,"BEST DRILLING EQUIPMENT (WUXI) CO.,LTD",Китай - WUXI,https://reg.iteca.kz/list/detailsfull.aspx?link=0x93b0784519f119409693aefe3e099efc,+86-13814043241,tracy@cnbestdrilling.com,www.cnbestdrilling.com,,,,,,,,,
43,"BOYO ENGINEERING MACHINERY CO.,LTD",Китай - Changsha,https://reg.iteca.kz/list/detailsfull.aspx?link=0xd6f1958356a0a44c8194d43515c35c58,+8618673194288,alison@maxmech.com.cn,www.cnmaxmech.com,,,,,,,,,
44,BSG TECHNOLOGY ТОО,Казахстан - Алматы,https://reg.iteca.kz/list/detailsfull.aspx?link=0x814cd02cd1f8387811ed5c337948f3de,"7 727 2458834, 2458836, 2458837",info@bsg-t.kz,www.bsg-t.kz,,,,,,,,,
45,БАУЭР КОМПРЕССОРЕН ГМБХ,Казахстан - Астана,https://reg.iteca.kz/list/detailsfull.aspx?link=0x815e8f4ac426f3de11ee1734d7845760,+7 7172 73 97 50 ext. 372,a.selkhanov@bauer-kompressoren.de,www.bauer-kompressoren.de/ru,https://www.instagram.com/bauer_kompressoren/,https://www.facebook.com/BAUER.KOMPRESSOREN.GmbH/,https://www.youtube.com/user/bauerkompressoren,,,https://de.linkedin.com/company/bauer-kompressoren-gmbh,,,
46,БЕККЕР МАЙИНИНГ СИСТЕМС АГ,Германия - Саарбрюккен,https://reg.iteca.kz/list/detailsfull.aspx?link=0xf4a58c2bdaae2d43ac8b693a05ff44d4,+49 6897 857 - 0,info@becker-mining.com,www.becker-mining.com,https://www.instagram.com/beckermining/?hl=en,https://www.facebook.com/BeckerMiningSystems/,https://www.youtube.com/channel/UCCx4bEvDRSTLag9xyvgcuxw,,,https://www.linkedin.com/company/becker-mining-systems,ВКонтакте: https://vk.com/beckerrussia,,
47,"БЕЛКАЗКОМПЛЕКТСЕРВИС, ТОО",Казахстан - Алматы,https://reg.iteca.kz/list/detailsfull.aspx?link=0x814cd02cd1f8387811ed4f69f3a45401,+7 727 264 15 58,info@bkksgroup.kz,www.bkksgroup.com,,,,,,,,,
48,БИГУДЭН ТОО,Казахстан - Алматы,https://reg.iteca.kz/list/detailsfull.aspx?link=0x6d4bf21cf4f61e4eb7033edde77ba896,+7 705 849 77 78,office@bgdn.kz,,https://www.instagram.com/bigouden_kz/,,https://www.youtube.com/@bigoudenltd396,https://wa.me/message/XXGCOJ2ASPFAB1,,https://www.linkedin.com/company/bgdn-central-asia/,,,
49,БЛЮМАК ЦЕНТРАЛЬНАЯ АЗИЯ,Казахстан - Алматы,https://reg.iteca.kz/list/detailsfull.aspx?link=0x814cd02cd1f8387811ed4ac6e2d844d3,+7 727 245 89 66,blumaqca@blumaq.com,www.blumaq.com,https://www.instagram.com/blumaq/,https://www.facebook.com/blumaq/,,+77057788007,,https://www.linkedin.com/company/blumaq-s-a-,,,
50,БОНЕНКАМП,Казахстан,https://reg.iteca.kz/list/detailsfull.aspx?link=0x8157a21980bd259d11eda8f509d18f04,"7 727 232-86-73, +7 777 355 32 86",Ivan.KRYLOV@bohnenkamp.kz; info@bohnenkamp.kz,www.bohnenkamp.kz,,,,,,,,,
51,БРАДКЕН,Казахстан - Almaty,https://reg.iteca.kz/list/detailsfull.aspx?link=0x2ad91a7fd80ad74ebea6c2bd9df714a7,+7 727 259 9171,https://bradken.com/contact,www.bradken.com,https://www.instagram.com/bradkenofficial/,https://www.facebook.com/bradkenofficial,https://www.youtube.com/channel/bradkenofficial,,,https://www.linkedin.com/company/bradkenofficial/,,,
52,VALMET,Финляндия - Lappeenranta,https://reg.iteca.kz/list/detailsfull.aspx?link=0xf0047455523a6a41b75bcca6ef8ea0d9,+358400976899,flowcontrol.info@valmet.com,www.valmet.com/flowcontrol,,,,,,,,,
53,VENTILATORENFABRIK OELDE GMBH,Германия - Oelde,https://reg.iteca.kz/list/detailsfull.aspx?link=0x47253acf06d5474d854da965d931d23f,+49 2522 75-0,info@venti-oelde.de,www.venti-oelde.com,,,,,,,,,
54,VOLVO,Швеция,https://reg.iteca.kz/list/detailsfull.aspx?link=0x8162bd396bc9787911ee462413733d00,,,,,,,,,,,,
55,VORTEX ICC TOO,Казахстан - Алматы,https://reg.iteca.kz/list/detailsfull.aspx?link=0x81597aeea421bb3d11edc0183f4ab408,+7 727 357 32 10,rk@iccvortex.kz,www.iccvortex.kz,iccvortex.kz,iccvortex.kz,,+7 701 301 76 20,,,,,
56,WEIR MINERALS KAZAKHSTAN LLP,Казахстан - Алматы,https://reg.iteca.kz/list/detailsfull.aspx?link=0x8161cef8ebd4913f11ee351c63617150,+7 701 026 1156,kazakhstan.minerals@mail.weir,www.global.weir,,,,,,,,,
57,WEIR MOTION METRICS,Канада - Vancouver,https://reg.iteca.kz/list/detailsfull.aspx?link=0x42d265dd5471a14992f2f8a7e6f19c49,+1 604-822-5842,sales@motionmetrics.com,www.motionmetrics.com,https://www.instagram.com/motionmetrics/,https://www.facebook.com/motionmetrics,https://www.youtube.com/@motionmetrics,,,https://www.linkedin.com/company/motionmetrics/mycompany/,,https://twitter.com/motionmetrics,
58,"WUXI XINZUAN GEOLOGICAL EQUIPMENT CO.,LTD.",Китай - WUXI,https://reg.iteca.kz/list/detailsfull.aspx?link=0x838f6f578f88d344b80b6e4c08a7f087,+8618001647831,dana_shengmeirun@smrxz.com,www.smrxz.com,,,,,,,,,
59,ВЕРМЕЕР ЦЕНТРАЛЬНАЯ АЗИЯ,Объединенные Арабские Эмираты - Дубай,https://reg.iteca.kz/list/detailsfull.aspx?link=0x4d0c3fedda663a4d8e797c58a90fe3d6,+971561704202,info@vermeercentralasia.com,www.vermeercentralasia.com,,,,+971561704202,,,,,
60,ВИКТОРИЯ ФОРТРЕСС АЛМАТЫ,Казахстан - Алматы,https://reg.iteca.kz/list/detailsfull.aspx?link=0x815e8f4ac426f3de11ee1edb3e8e8bec,+7 701 796 88 55,almaty@vf-chem.com,www.vf-chem.com,,,,+7 701 796 88 55,,,,,
61,ВОСТОК КОМПАНИЯ ИЗМЕРИТЕЛЬНЫХ И КОНТРОЛЬНЫХ ТЕХНОЛОГИЙ ОАО,Китай - DANDONG,https://reg.iteca.kz/list/detailsfull.aspx?link=0xe53ad42dda2d89419e075c127327d3c7,0086-415-3862252,intersales@dfmc.cc,www.ru.dfmc.cc,,,,,,,,,
62,ВОСТОЧНАЯ БУРОВАЯ КОМПАНИЯ ТОО,Казахстан - Алматы,https://reg.iteca.kz/list/detailsfull.aspx?link=0x81597aeea421bb3d11edc0183f4ab40c,+7 776 795 65 73,ishmatov@vbur.ru,www.vbur.ru,@vbur.ru,@vbur.ru,,,,https://www.linkedin.com/company/vbur,,,
63,GEOSERVICEKZ ТОО,Казахстан - Алматы,https://reg.iteca.kz/list/detailsfull.aspx?link=0x815e8f4ac426f3de11ee14a0cfb7d170,+7 701 309 5937,geoservicekz@inbox.ru,www.geoservicekz.kz,yerbolu1975,Yerbol Utessinov,,+77017343663,+77017343663,,,,
64,GEOTEC WUXI,"Китай - Wuxi, Jiangsu",https://reg.iteca.kz/list/detailsfull.aspx?link=0x7d4bcdbbe3d14f4d9eb4e549b55092fb,"+86 510 88552380, +86 13914113416",sale01@geotecwuxi.com,www.geotec.com.cn,geotecwuxi1989,@WUXIGEOTEC,@geotecwuxi1989,+86 13914113416,+86 13914113416,geotec wuxi,,,
65,"GEOTEK, ТОО",Казахстан - Караганда,https://reg.iteca.kz/list/detailsfull.aspx?link=0x8160e9aa7a0cc79311ee2f8076a70702,8 7212 42 42 04,reception@appak.com,,,,,,,,,,
66,GESEM TOO,Казахстан - Алматы,https://reg.iteca.kz/list/detailsfull.aspx?link=0x81597aeea421bb3d11edc0dcc8b4d3a4,8 700 104 37 36,info@gesem.kz,www.gesem.kz,gesem.kz,Gesemkz,Gesemkz,https://wa.me/87001043736,,https://www.linkedin.com/company/gesem-kz,,,
67,GRP ГРУПП,Германия - Энтебрюк,https://reg.iteca.kz/list/detailsfull.aspx?link=0x4536440205654245930416586a9281ac,+492753508521,info@grp-mining.com,www.grp-mining.com,,,,,,,,,
68,"GUANGZHOU KOMAI FILTER CO., LTD",Китай - Guangzhou,https://reg.iteca.kz/list/detailsfull.aspx?link=0xe483228a4989e642bfccccbbcd940396,+86-20-32016955; 13760622233,398072056@qq.com,www.komaifilter.com,,,,,,,,,
69,ГЕКТОТИТАН ТОО,Казахстан - Астана,https://reg.iteca.kz/list/detailsfull.aspx?link=0x815e8f4ac426f3de11ee1a20d5d58e81,+7 775 159 13 84,info@titanagro.kz,www.hectotitan.com,hectotitan,,,+7 775 159-13-84,,,,,
70,ГЕОБРУГГ,Казахстан - Алматы,https://reg.iteca.kz/list/detailsfull.aspx?link=0xcab3f2ea2bfabf4f8a7cfbe79ff8470b,+7 702 732 44 00,info@geostein.kz,www.geostein.kz,geostein_kz,,,,,,,,
71,"ГЛЕС ГРУПП ИНЖИНИРИНГ, ООО","Россия - Ленинградская область, г. Кудрово",https://reg.iteca.kz/list/detailsfull.aspx?link=0x8160e9aa7a0cc79311ee3149f65f0252,"+7 812 667 82 72, 8 800 201 64 40",info@legend-air.ru,www.legend-air.ru,,,,,,,,,
72,"ГЛОБУС, ЖУРНАЛ",Россия - Красноярск,https://reg.iteca.kz/list/detailsfull.aspx?link=0x2651f6acfb340e498bc8e7d0cb05594b,+7 906 911 27 03,globus-j@mail.ru,www.vnedra.ru,,,,,t.me/globus_vnedra,,ВКонтакте: @vnedraglobus,,
73,ГОРМАШ ГЛОБАЛ ООО,Россия - Мытищи,https://reg.iteca.kz/list/detailsfull.aspx?link=0x8160e9aa7a0cc79311ee30274bf17cad,+7 495 664 53 13,info@rosgorprom.ru,,,,,89250469248,,,,,
74,ГОРНАЯ ПРОМЫШЛЕННОСТЬ ЖУРНАЛ,,https://reg.iteca.kz/list/detailsfull.aspx?link=0x40c886014ec674459215c121fb3bcf32,,,,,,,,,,,,
75,ГОРНЫЙ ЖУРНАЛ КАЗАХСТАНА,Казахстан - Алматы,https://reg.iteca.kz/list/detailsfull.aspx?link=0xea07280755b94347a2abecdbeb815649,+7 747 343 15 02,post-dts@yandex.kz,www.minmag.kz,@minmag.kz,,,+7 747 343 15 02,,,,,
76,ГОРТЕХМАШ-ЗАВОДЫ АО,Россия - Красноярск,https://reg.iteca.kz/list/detailsfull.aspx?link=0x815e8f4ac426f3de11ee1734d7845761,+7 391 255 47 74,info@gtm.ru,www.gtm.ru,,,,,,,,,
77,ГУАНЧЖОУ ЦЗИНЬ ХАЙСЕН ИНЖИНИРИНГ МАШИНОСТРОЕНИЕ И ОБОРУДОВАНИЕ ЛТД.,Китай - Guangzhou,https://reg.iteca.kz/list/detailsfull.aspx?link=0x55e5d42edc89be47bcf92da2ab91185b,+86-20-38602600; +8613434253009,1145286832@qq.com,www.jhs88.cn,,https://www.facebook.com/jun.ye.14418,,"+86 13434253009, +86 13360584550",,,,,
78,ГЭЙТУЭЙ ВЕНЧЕРС (СИ.ЭЙ.)  ЛТД ТОО,Казахстан - Алматы,https://reg.iteca.kz/list/detailsfull.aspx?link=0x8157a21980bd259d11eda8f509d18f17,+7 727 356 1000,Admin.Gateway@gvcal.com,,gateway.centralasia,https://www.facebook.com/gatewaycentalasiahttps://www.facebook.com/gatewaycentalasia,,+7 771 501 71 44,,https://www.linkedin.com/company/gatewayventures/?viewAsMember=true,,,
79,"DAE HWA ENGINEERING  SERVICE CO.,LTD",Южная Корея - ULSAN,https://reg.iteca.kz/list/detailsfull.aspx?link=0x2e076f486647d14a8ec8b5d0e618e781,+82-10-3588-8888,contact@daehwaeng.com,www.daehwaeng.com,,,,,,,,,
80,DAITAN,Казахстан - Астана,https://reg.iteca.kz/list/detailsfull.aspx?link=0x8162972d8511bb3911ee4d8a173c7588,+7 717 264 94 44,info@daitan.asia,www.daitan.asia,,,,,,,,,
81,"DALIAN FULLTON MACHINERY CO., LTD",Китай - DALIAN,https://reg.iteca.kz/list/detailsfull.aspx?link=0x270cc312433d774eae4e42479aacf1fe,+86-411-82767678/79,fullton@fulltontech.com,www.fulltontech.com,,,,,,,,,
82,DASF (ДАСФ) ТОО,Казахстан - Павлодар,https://reg.iteca.kz/list/detailsfull.aspx?link=0x718a2e47b5a2be4d832df4b4b97ca970,+77059036574,info@dasf.tech,dasf.tech,,,,+77059036574,,,,,
83,DATC EUROPE,Франция - Besancon,https://reg.iteca.kz/list/detailsfull.aspx?link=0xfde41c2619cdff46bb66ce5ed1db3368,0381410606,service.marketing@datc-group.com,www.datc-group.com,,,https://www.youtube.com/watch?v=wTvHVMg_KCw&t=8s,,,https://www.linkedin.com/company/group-datc/mycompany/?viewAsMember=true,,,
84,"DECA MINING, ТОО",Казахстан - Алматы,https://reg.iteca.kz/list/detailsfull.aspx?link=0x815e8f4ac426f3de11ee1edb3e8e8bef,+7 776 206 00 82,zhanatov@deca.kz,www.tapp-group.kz,,,@TAPPGroup,,,,,,
85,DELTA ROCK COMPANY OTOMOTIV YEDEK PARCA MAKINE INSAAT SANAYI VE TICARET LTD. STI.,Турция - Анкара,https://reg.iteca.kz/list/detailsfull.aspx?link=0xb3dc44ec1144a94d89f3a54608028b15,+90 544 798 17 04,sales@deltarockcompany.com,www.deltarockcompany.com,https://www.instagram.com/deltarockcompany/,https://www.facebook.com/profile.php?id=100046406577043,,+90 544 798 17 04,+90 544 798 17 04,https://www.linkedin.com/company/delta-rock-company/mycompany/,,,
86,DESWIK,Великобритания - Лондон,https://reg.iteca.kz/list/detailsfull.aspx?link=0xb254d878985471429caa9ba924014b31,+44 20 8049 4530,info.london@deswik.com,www.deswik.com,https://www.instagram.com/lifeatdeswik/,https://www.facebook.com/deswik,,,,https://www.linkedin.com/company/deswik-mining,,,
87,DIEMME FILTRATION,Италия,https://reg.iteca.kz/list/detailsfull.aspx?link=0x8160e9aa7a0cc79311ee34d7f6220166,ВИА ЛАНФРАНКО ГЕССИ 16+39 0545 20611,info@diemmefiltration.com,,,,,,,,,,
88,DISTRITECH ТОО,Казахстан - Алматы,https://reg.iteca.kz/list/detailsfull.aspx?link=0x8157a21980bd259d11eda8f509d18f06,+7 727 2280645,info@distritech.kz,www.distritech.kz,,https://www.facebook.com/people/Distritech/100086248754271,,,,https://www.linkedin.com/company/88912303,,,
89,"DONGWON EN-TEC CO.,LTD.",Южная Корея - Ulsan,https://reg.iteca.kz/list/detailsfull.aspx?link=0x90e7473507accc42b5644c80591b83f8,+82 52-249-8230,lani@dwentec.co.kr,www.dwentec.co.kr,,,,,,,,,
90,DRILL GECKO,Казахстан - Алматы,https://reg.iteca.kz/list/detailsfull.aspx?link=0x81597aeea421bb3d11edc0183f4ab40e,+7 702 221 70 00,balzhan@drillgecko.com,,@drillgecko,,,,,,,,
91,DUCHTING PUMPEN,Германия - Witten,https://reg.iteca.kz/list/detailsfull.aspx?link=0x5ba971e531e3bb40943b85b5cd82dd30,+49 2302 969 0,sales@duechting.com,www.duechting.com,,https://www.facebook.com/DuechtingPumpen/,https://www.youtube.com/channel/UC9JNaJNf3b5Gm8qSt3gTgVg,,,https://www.linkedin.com/company/duechtingpumpen,,,
92,DYNASET,Финляндия - Ylojarvi,https://reg.iteca.kz/list/detailsfull.aspx?link=0x8161cef8ebd4913f11ee35026933dc99,+358504412305,sergei.melnikov@dynaset.com,Sergei Melnikov,,,,,,,,,
93,ДИМ СТРОЙ ТОО,Казахстан - Усть-Каменогорск,https://reg.iteca.kz/list/detailsfull.aspx?link=0x81597aeea421bb3d11edc0dcc8b4d3a5,8 723 249 27 20,office@dimstroi.kz,www.dimstroy.kz,dimstroy_kz_,,,,,,,,
94,"ДОЛЯ, ЗАО",Беларусь - Минск,https://reg.iteca.kz/list/detailsfull.aspx?link=0x81597aeea421bb3d11edc0dcc8b4d3a3,+375296747572,dolya@dolya.com,www.dolya.com,dolya_belarus,,https://www.youtube.com/watch?v=8MZRqel3OFk&t=7s,+375296747572,+375296747572,,,,+375296747572
95,ДЭВИД БРАУН САНТАСАЛО ФИНЛЯНДИЯ,Финляндия - Ювяскюла,https://reg.iteca.kz/list/detailsfull.aspx?link=0x81597aeea421bb3d11edc0183f4ab40f,+358 293 401 000,finland@dbsantasalo.com,www.dbsantasalo.com,,,https://www.youtube.com/@DavidBrownSantasalo/featured,,,https://www.linkedin.com/company/david-brown-santasalo,,,
96,ДЭТРА,Казахстан - Алматы,https://reg.iteca.kz/list/detailsfull.aspx?link=0x81597aeea421bb3d11edc0183f4ab40d,+7 776 795 65 73,ishmatov@detra.pro,www.detra.pro,@detra_pro,pro.detra,https://www.youtube.com/c/MasterdrillingRSA,,,https://www.linkedin.com/company/detra-mining,,,
97,ЖУРНАЛ ДОБЫВАЮЩАЯ ПРОМЫШЛЕННОСТЬ ЦЕНТРАЛЬНАЯ АЗИЯ,Россия - Красноярск,https://reg.iteca.kz/list/detailsfull.aspx?link=0x395a63bbc1f12e4fb71e5bc4257656ab,+7 391 219 01 19,pr@pgmedia.ru,www.dprom.kz,,,,,https://t.me/dpromKZ,,,,
98,EMG AUTOMATION GMBH,Германия - Венден,https://reg.iteca.kz/list/detailsfull.aspx?link=0x2b22eef785300948acc2e630769c07c8,+492762612-0,info@emg-automation.com,www.emg.elexis.group,,,www.youtube.com/@EMGautomation,,,www.linkedin.com/company/emg-automation-gmbh,,,
99,ENAEX,Франция - PARIS,https://reg.iteca.kz/list/detailsfull.aspx?link=0x9eea5a6cb0ccf9458c56a17a47c75491,+33672135719,olivier.savornin@daveybickfordenaex.com,www.enaex.com,,https://www.facebook.com/Enaex/,,,,https://www.linkedin.com/company/enaex/,,https://twitter.com/Enaex_SA,
100,EURASIAN MACHINERY (ЕВРАЗИАН МАШИНЕРИ) ТОО,Казахстан - Алматы,https://reg.iteca.kz/list/detailsfull.aspx?link=0x51f381dfba7b7d4c8ea492d2af934226,+7 727 344 33 66,info@eurasiancm.com,www.eurasianmachinery.kz,@eurasianmachinery.kz,https://www.facebook.com/eurasiancm,https://www.youtube.com/@eurasianmachinery170,+77011102112,,,,,
101,EUROECOTECH,Германия - Дармштадт,https://reg.iteca.kz/list/detailsfull.aspx?link=0x81597aeea421bb3d11edc0dcc8b4d39f,+ 491758793283,info@euroecotech.de,www.euroecotech.de,,,,+ 49 175 879 32 83,,,,,+ 49 175 879 32 83
102,ЕВРОСПЕЦАРМАТУРА,Казахстан - Алматы,https://reg.iteca.kz/list/detailsfull.aspx?link=0x815e8f4ac426f3de11ee1734d7845762,392-94-64,info@eurospecarmatura.kz,www.eurospecarmatura.kz,,,,,,,,,
103,ЕДИНАЯ ТОРГОВАЯ СИСТЕМА - КАЗАХСТАН ТОО,Казахстан - Алматы,https://reg.iteca.kz/list/detailsfull.aspx?link=0x815e8f4ac426f3de11ee1734d7845763,7 727 2515967,"sergey.baltushev@utsrus.com, kanat@utsrus.com","www.ets-stroy.ru, www.utsrus.com",,,,,,,,,
104,"ЕЛГЕЗЕР ВЭА ПРОДАКТС, АЛМАТИНСКИЙ ЗАВОД ИЗНОСОСТОЙКОЙ ПРОДУКЦИИ",Казахстан - Алматы,https://reg.iteca.kz/list/detailsfull.aspx?link=0x815e8f4ac426f3de11ee1734d7845764,+7 777 705 57 71,info@elgezer.kz,www.elgezer.kz,,,,+7-(777)-7055771,,,,,
105,"JIANGSU GUOMAO REDUCER CO.,LTD",Китай - CHANGZHOU,https://reg.iteca.kz/list/detailsfull.aspx?link=0x40a719747a075a43b9dde8fbbfbc2207,+86-13585322864,ning.zhang2204015@guomaoreducer.com,www.guomaoglobal.com,,,,,,,,,
106,"JIAOZUO ZHONGXIN HEAVY INDUSTRIAL MACHINERY CO.,LTD.",Китай - JIAOZUO,https://reg.iteca.kz/list/detailsfull.aspx?link=0x4e955ea811a1304386aaebf9260d17d0,86 13676922611,sales3@zxcrusher.com,www.zxcrusher.com,,https://www.facebook.com/zhongxincrusher,https://www.youtube.com/channel/UClaHNhrJAP9jmJ2_K17FySw/videos?view=0&sort=dd&shelf_id=0,+8615837172725,,https://www.linkedin.com/company/6428472/admin/feed/posts/,,https://twitter.com/zxrockcrusher,
107,"JINAN YZH MACHINERY EQUIPMENT CO.,LTD",Китай - JINAN,https://reg.iteca.kz/list/detailsfull.aspx?link=0x921dc86408a39e4ea1b8503792ef2c76,+86-531-85962369,yzh@breakerboomsystem.com,www.yzhbooms.com,,,,,,,,,
108,"JINSHI DRILLTECH CO.,LTD.",Китай - TANGSHAN,https://reg.iteca.kz/list/detailsfull.aspx?link=0xa71d9c778c09de4dae4faf7e780d5e19,86-15933255079,oliver.liu@jsexplo.com,www.jsexplo.com,,,,86-15933255079,,,,,
109,"ZHEKUANG HEAVY INDUSTRY CO., LTD",Китай - SHANGHAI,https://reg.iteca.kz/list/detailsfull.aspx?link=0xf3890d59e99ab145948b430b505f62d5,86-15221168950,frank@cnzkzg.com,www.cnzkzg.com,,,www.youtube.com/@lingenhua6628/videos,,,,,,
110,"ZHENGZHOU KAISHAN MECHANICAL & ELECTRICAL EQUIPMENT CO.,LTD",Китай,https://reg.iteca.kz/list/detailsfull.aspx?link=0x700bfb987893cf4c9fe9234edb4ee179,,,,,,,,,,,,
111,"ZHENGZHOU VANGUARD MACHINERY TECH CO.,LTD.",Китай - Чжэнчжоу,https://reg.iteca.kz/list/detailsfull.aspx?link=0x8162bd396bc9787911ee3dae35c86533,+86 150 3823 1117,dima@vanguardtec.com,www.vanguardtec.com,,,,+86 150 3823 1117,+86 150 3823 1117,,,,
112,"ZHONGTIAN BOYUN (TIANJIN) GROUP CO.,LTD",Китай - Tianjin,https://reg.iteca.kz/list/detailsfull.aspx?link=0xd598592937eb874e98b684fbfcad102c,+86 13920464633,229765457@qq.com,www.cnhammer.net; www.zhongtianboyun.com,,https://www.facebook.com/sun.mingsheng,,,,,,,
113,ЖИГЕРМУНАЙСЕРВИС ТОО,Казахстан - Атырау,https://reg.iteca.kz/list/detailsfull.aspx?link=0x815e8f4ac426f3de11ee1734d7845765,+7 7122 76 33 95,"sales@ekpd.kz, al.serikova@zms.kz",www.zms.kz,zhigermunaiservice2000,,,,,Zhigermunaiservice LLP,,,
114,ZENITH РЕЗИНОВЫЕ ПРОМЫШЛЕННЫЕ ИЗДЕЛИЯ,Индия - Мумбаи,https://reg.iteca.kz/list/detailsfull.aspx?link=0x241edbb6981d2e46a7fd86a0b1647e8e,+919619926066,manish.n@zenithrubber.com,www.zenithrubber.com,,,https://www.youtube.com/channel/UCYrhosMufCzU3o5FYpBfsVQ,,,https://in.linkedin.com/company/zenith-industrial-rubber,,,
115,ZENITH ШАНХАЙСКАЯ ГОРНАЯ КОМПАНИЯ ООО,Китай - SHANGHAI,https://reg.iteca.kz/list/detailsfull.aspx?link=0xb8b72bee31b252459dc08a276753c9c9,86-21-58386256,info@zenith-crusher.com,www.zenithcrusher.com,https://www.instagram.com/zenith_crusher1,https://www.facebook.com/zenithcrusher/,https://www.youtube.com/channel/UCbbRdWA7Go_tqpzKkQkxurw,,,https://www.linkedin.com/company/2522054/admin/,,,
116,"ZIBO QIMINGXING NEW MATERIAL INCORPORATED CO.,LTD",Китай - Zibo,https://reg.iteca.kz/list/detailsfull.aspx?link=0x0628b756af33f644a1e69f450815e902,5333591856,eva@chinaqimingxing.com,www.qmxwearceramics.com,,https://www.facebook.com/ultrawearceramics/,,+8618953352218,,https://www.linkedin.com/company/zibo-qimingxing-new-material-incorporated-co-ltd,,,
117,ZOOMLION,Казахстан - Алматы,https://reg.iteca.kz/list/detailsfull.aspx?link=0x9d9afee70ca13643ad6321cacce0b157,+7 777 747 2867,zoomlion@info.kz,www.zoomlion.kz,,,,,,,,,
118,ЗАВОД БУРОВОГО ОБОРУДОВАНИЯ,Россия - Оренбург,https://reg.iteca.kz/list/detailsfull.aspx?link=0x81597aeea421bb3d11edc027b4a57cdb,"+7 3532 756805, +7 3532 754267",zakaz@zbo.ru,www.zbo.ru,https://instagram.com/zbo_drill,,https://www.youtube.com/@zbo_drill,,https://t.me/zbo_drill,,ВКонтакте: https://vk.com/zbo.drill.industries,,
119,ЗИТРОН ТОО,Казахстан - Актобе,https://reg.iteca.kz/list/detailsfull.aspx?link=0x815e8f4ac426f3de11ee1fa2327bcf7f,+7 771 860 07 36,ermek@zitron.com,,,,,+77718600736,,,,,
120,ENGINEERING DOBERSEK GMBH,Германия - Moenchengladbach,https://reg.iteca.kz/list/detailsfull.aspx?link=0x5e82a7190561d741bd975da3d1e85433,+492161901080,info@dobersek.com,www.dobersek.com,,,,,,,,,
121,ICA EVENTS,Объединенные Арабские Эмираты - Dubai,https://reg.iteca.kz/list/detailsfull.aspx?link=0x8162bd396bc9787911ee3cb1da3ac68f,+971 4 5545319,info@ica-eurasia.com,ica.events,,,,,,,,,
122,IFE AUFBEREITUNGSTECHNIK GMBH,Австрия - Waidhofen / Ybbs,https://reg.iteca.kz/list/detailsfull.aspx?link=0xc86aafbc23195f4ca891a1322b7361cf,+4374425150,office@ife-bulk.com,www.ife-bulk.ru,,https://www.facebook.com/ife.bulk/,https://www.youtube.com/channel/UCL9Bf5HWfW3BRkhh20PmJAg,,,https://www.linkedin.com/company/5790207/,,,
123,"INTERTECH PROCESS TECHNOLOGY, INC. , США",Казахстан - Алматы,https://reg.iteca.kz/list/detailsfull.aspx?link=0x8157a21980bd259d11eda8f509d18f18,+7 700 735 06 35,info.ipk@intertechprocess.com,www.intertechprocess.com,,,,,,,,,
124,IPC MACHINES,Казахстан - Алматы,https://reg.iteca.kz/list/detailsfull.aspx?link=0x8162bd396bc9787911ee3fdb47833110,7 727 228 22 22,info@ipc-machines.com,www.ipc-machines.com/kz/ru,,,,,,,,,
125,"IRAETA ENERGY EQUIPMENT CO., LTD.",Китай - JINAN,https://reg.iteca.kz/list/detailsfull.aspx?link=0xa2f741985ab85c4a9adc817c1442f2aa,0086-531-83801288,sales3@iraeta.com,www.iraeta.com,https://www.instagram.com/iraetaforgings/,,https://www.youtube.com/channel/UC4ANlff98ncOZWaEFQN3tzg,,,https://www.linkedin.com/company/10247076/admin/,,,
126,IRANIAN BUSINESS CENTER (IRBC),Казахстан - Алматы,https://reg.iteca.kz/list/detailsfull.aspx?link=0x8161cef8ebd4913f11ee351c63617152,+7 727 393 31 14; +7 701 755 45 59,irbc.kz@gmail.com,www.irbc.kz,,,,,,,,,
127,IRKAZ  METAL CORPORATION,Казахстан - Алматы,https://reg.iteca.kz/list/detailsfull.aspx?link=0x8162bd396bc9787911ee40a5df63a3f9,"+7 727 311 02 82, +7 701 880 01 20",,,,,,,,,,,
128,ISFAHAN COPOLYMER,Иран,https://reg.iteca.kz/list/detailsfull.aspx?link=0x8162bd396bc9787911ee40a5df63a3f8,00983136258710-12,export@isfahancopolymer.com,,,,,,,,,,
129,ITECA,Казахстан - Алматы,https://reg.iteca.kz/list/detailsfull.aspx?link=0x8161cef8ebd4913f11ee3698094abe58,+7 727 2583434,contact@iteca.kz,www.iteca.kz,https://www.instagram.com/building_events_kz/,https://www.facebook.com/building.events.kazakhstan,https://www.youtube.com/watch?v=pb0Rw5CuaWA,+7 707 549 12 40,,https://www.linkedin.com/company/iteca/,,,
130,ИНДУРАД ГМБХ,Казахстан - Алматы,https://reg.iteca.kz/list/detailsfull.aspx?link=0x2f248f95d21d394586f60229d13d75f9,+7 747 652 97 40,eurasia@indurad.com,www.indurad.com,,,,,,https://www.linkedin.com/company/indurad,,https://twitter.com/indurad,
131,"ИНПРОТЕХ, ТОО",Казахстан - Астана,https://reg.iteca.kz/list/detailsfull.aspx?link=0x8160e9aa7a0cc79311ee30274bf17cb0,+7 717 297 30 10,info@enprotech.kz,www.enprotech.kz,enprotech.ru,enprotech.ru,,+7 705 783 67 51,enprotechspb,enprotechkz,ВКонтакте: enprotech,,
132,"ИНТЕРРИН НАУЧНО-ПРОИЗВОДСТВЕННОЕ ПРЕДПРИЯТИЕИЕ, ТОО",Казахстан - Алматы,https://reg.iteca.kz/list/detailsfull.aspx?link=0x815e8f4ac426f3de11ee17c571b7ae52,+7 727 339 91 69,interrin@yandex.ru,www.interrin.kz,,,,,,,,,
133,ИНФОРМАЦИОННО-АНАЛИТИЧЕСКИЙ ПОРТАЛ  НЕДРОПОЛЬЗОВАНИЯ КАЗАХСТАНА,Казахстан - Алматы,https://reg.iteca.kz/list/detailsfull.aspx?link=0x469be27a8c3619468fc86258f5838213,+7 727 376-62-60,info@2k.kz,www.infonedra.kz,,,,,,,,,
134,ИСКАДАЗ - ЗАВОД СПЕЦИАЛЬНОГО МАШИНОСТРОЕНИЯ,"Россия - Новгородская область, поселок Панковка",https://reg.iteca.kz/list/detailsfull.aspx?link=0x8161cef8ebd4913f11ee351c63617157,+7 8162 64 53 86,info@iskadaz.ru,www.iskadaz.ru,,,https://www.youtube.com/channel/UCeiKSYZZ-c3n_RA6iAbJh_A,7 911 641 0293,https://t.me/Iskadaz,,ВКонтакте: https://vk.com/club160888348,,7 911 641 0293
135,ИСКРА НОВОСИБИРСКИЙ МЕХАНИЧЕСКИЙ ЗАВОД  АО,Россия - Новосибирск,https://reg.iteca.kz/list/detailsfull.aspx?link=0x81597aeea421bb3d11edc027b4a57cdd,2725416,iskra@nmz-iskra.ru,www.iskra-nmz.ru,,,,,,,,,
136,COMPRESSOR TECHNOLOGY ТОО,Казахстан - Астана,https://reg.iteca.kz/list/detailsfull.aspx?link=0x8157a21980bd259d11eda8f509d18f05,+7 700 805 22 22,office@compressortechnology.kz,www.chkz-kompressor.kz,,,,8 700 805 22 22,,,,,
137,KAZAKHSTAN JINGHONG ENGINEERING MACHINERY LTD. ЧАСТНАЯ КОМПАНИЯ,Казахстан - Алматинская область,https://reg.iteca.kz/list/detailsfull.aspx?link=0x8161cef8ebd4913f11ee351c63617153,+7 727 341 06 68; +7 701 341 06 68,info@sany-kazakhstan.kz,www.sany-kazakhstan.kz,sany.kaz,,,+ 7 701 341 06 68,,,,,
138,KAZMINTECH ENGINEERING ТОО,Казахстан - Усть-Каменогорск,https://reg.iteca.kz/list/detailsfull.aspx?link=0x0dc29955a452ce44878cb4139283111f,+7 7232 50 51 00,info@kazmintech.com,www.kazmintech.com,@kazmintech,@kazmintech,,,,,,,
139,KAZPROM AVTOMATIKA ТОО,Казахстан - Караганда,https://reg.iteca.kz/list/detailsfull.aspx?link=0x81597aeea421bb3d11edc0183f4ab3fd,"+7 7212 502260, +7 7212 502265",info@avtomatika.kz,www.avtomatika.kz,,,,,,,,,
140,KAZREMMA,Казахстан - Алматы,https://reg.iteca.kz/list/detailsfull.aspx?link=0x81597aeea421bb3d11edc0183f4ab3fe,+7 727 221 90 30,tiptop@remma.kz,www.remma.kz,www.instagram.com/kazremmaservice/,,https://www.youtube.com/@KazRemmaService,,,,,,
141,KINGDA PUMP GROUP COMPANY LTD.,Китай - Shijiazhuang,https://reg.iteca.kz/list/detailsfull.aspx?link=0x2641ccce073958409ba3e079718ab3b8,+86 18633935649,info@kingdagroup.com,www.kingdapump.com,https://www.instagram.com/kingdagroup/,https://www.facebook.com/kingdagroup,https://www.youtube.com/@kingdagroup,+86 18633935649,,https://www.linkedin.com/company/kingdagroup/,,https://twitter.com/kingdagroup,
142,KLINGSPOR SP. Z O.O.,Польша - Bielsko-Biala,https://reg.iteca.kz/list/detailsfull.aspx?link=0x58492daaf2ce3f49a8c3f537e3418105,+48 33 82 82 100,klingspor@klingspor.pl,www.klingspor.pl,https://www.instagram.com/klingspor_polska/,https://www.facebook.com/Klingspor-Polska-682123042204377,https://www.youtube.com/@klingsporpolska,,,https://www.linkedin.com/company/12583979,,,
143,KOEPPERN,Германия - Хаттинген,https://reg.iteca.kz/list/detailsfull.aspx?link=0xbf22268794fd824187582627371395ef,+49 2324  207-0,sales@koeppern.com,www.koeppern-international.com,https://www.instagram.com/maschinenfabrik.koeppern,https://www.facebook.com/maschinenfabrik.koeppern,https://www.youtube.com/channel/UCZzgJIqG4asGF7 NjaxqwxuQ,,,https://www.linkedin.com/company/maschinenfabrikkoeppern-gmbh-&-co.-kg,,,
144,KRAEMER MINING GMBH,Германия - Rheda-Wiedenbrueck,https://reg.iteca.kz/list/detailsfull.aspx?link=0xe3ef5f7bdfb98944ae7585d4804c763e,+49 (2522) 83880,mining@kraemer24.com,www.kraemer24.com,https://www.instagram.com/kraemer_mining,,,,,https://de.linkedin.com/company/kraemer-mining-gmbh,,,
145,KROOSH,Израиль - Ашдод,https://reg.iteca.kz/list/detailsfull.aspx?link=0x50284a17f0216c4c9985c105fbec125c,+972 54 527 70 93,sales@kroosh.com,www.kroosh.ru,,,https://www.youtube.com/@KrooshTechnologiesRu,,,https://www.linkedin.com/company/kroosh-technologies-ltd/,,,
146,KULAN OIL ТОО,Казахстан - Алматы,https://reg.iteca.kz/list/detailsfull.aspx?link=0x81597aeea421bb3d11edc0183f4ab3ff,+7 727 311 12 25,reception@kulanoil.kz,www.kulanoil.kz,instagram.com/kulanoil.kz,,,,,,,,
147,"QINGDAO FAMBITION HEAVY MACHINERY CO.,LTD",Китай - QINGDAO,https://reg.iteca.kz/list/detailsfull.aspx?link=0x570e4dfd4122c84db736c82248c48a84,+86-0532-87900000,info@fambition.com,www.cn.fambition.com,,,,,,,,,
148,"QINGDAO HAMBITION DRIVETRAIN COMPONENTS & PARTS CO., LTD.",Китай - QINGDAO,https://reg.iteca.kz/list/detailsfull.aspx?link=0x9765c8cb60507649ba26e725886e5c3c,+86-532-87900000,info@fambition.com,www.hambition.com,,,,,,,,,
149,"QINGDAO SINOMAX ENGINEERING MACHINERY & EQUIPMENT CO., LTD.",Китай - QINGDAO,https://reg.iteca.kz/list/detailsfull.aspx?link=0x03c58592bcc91c43b9aabf793f37afff,0086-13789855299,Antony@smg-sinomax.com,www.smg-sinomax.com,,,,,,,,,
150,"QUFU ZHUOYUE HEAVY INDUSTRY SCIENCE&TECHNOLOGY CO.,LTD","Китай - JINING, SHANDONG",https://reg.iteca.kz/list/detailsfull.aspx?link=0x646a12148a2f7d4791c42d90f1f2d32c,+86 0537 5052006,zhuoyueindustry@hotmail.com,www.cncarry.com,,"QUFU ZHUOYUE HEAVY INDUSTRY SCIENCE&TECHNOLOGY  CO.,LTD","QUFU ZHUOYUE HEAVY INDUSTRY SCIENCE&TECHNOLOGY  CO.,LTD",+8618815379465,,"QUFU ZHUOYUE HEAVY INDUSTRY SCIENCE&TECHNOLOGY  CO.,LTD",,"QUFU ZHUOYUE HEAVY INDUSTRY SCIENCE&TECHNOLOGY  CO.,LTD",
151,КАЗГИПРОЦВЕТМЕТ ТОО,Казахстан - Усть-Каменогорск,https://reg.iteca.kz/list/detailsfull.aspx?link=0x898d188bb0e1494688b630cf63c78f68,+7 7232 20 82 23,kgcm@kgcm.kz,www.kgcm.kz,kgcm_official,,,,,,,,
152,КАЗШИНА-ПРЕМИУМ,Казахстан - Астана,https://reg.iteca.kz/list/detailsfull.aspx?link=0x8161cef8ebd4913f11ee351c63617154,+7 777 474 23 83,kazshina_premium@mail.ru,,,,,,,,,,
153,КАЗЭКСПЕРТПРОМ ТОО,Казахстан - Алматы,https://reg.iteca.kz/list/detailsfull.aspx?link=0x815e8f4ac426f3de11ee17c571b7ae53,+ 7 777 7 9999 19,info@kazexprom.kz,www.kazexprom.kz,,,,+ 7 777 7 9999 19,,,,,+7 777 7 9999 19
154,КАМАЗ ЕВРО СЕРВИС ТОО,Казахстан - Шымкент,https://reg.iteca.kz/list/detailsfull.aspx?link=0x815e8f4ac426f3de11ee17c571b7ae54,+7 701 718 85 85,mamut.alimov@gmail.com,www.kamazeuro.kz,,,,,,,,,
155,КАРЬЕР-СЕРВИС КАЗАХСТАН ТОО,Казахстан - Алматы,https://reg.iteca.kz/list/detailsfull.aspx?link=0x81597aeea421bb3d11edc090307435a8,+7 727 331 03 00,kz@qsgrp.com,www.qskz.kz,https://www.instagram.com/quarry_service/,https://www.facebook.com/qsspb/,,,https://t.me/qsgroupofficial,,,,
156,КВАРЦ ТОРГОВЫЙ ДОМ,"Россия - Курская область, г. Железногорск",https://reg.iteca.kz/list/detailsfull.aspx?link=0x8160e9aa7a0cc79311ee3149f65f0250,+7 999 333 46 66,mail@tdquartz.com,www.tdquartz.com,,,,,,,,,
157,КИРОВСКИЙ ЗАВОД КОММУНАЛЬНОГО ОБОРУДОВАНИЯ,Россия - Киров,https://reg.iteca.kz/list/detailsfull.aspx?link=0x815e8f4ac426f3de11ee17c571b7ae69,+7 922 977 71 17,sales-kzko43@mail.ru,,,,,+7-922-977-71-17,,,,,
158,КЛИНКМАНН КАЗАХСТАН,Казахстан - Алматы,https://reg.iteca.kz/list/detailsfull.aspx?link=0x8160e9aa7a0cc79311ee327b56b4a8d4,+7 777 228 77 19,klinkmann@klinkmann.kz,www.klinkmann.kz,,,https://www.youtube.com/c/KlinkmannRussia,,https://t.me/klinkmannsoftware,https://www.linkedin.com/company/klinkmann-kazakhstan-new,ВКонтакте: https://vk.com/klinkmann,@KlinkmannOy,
159,КОЛАВЕНТ,Казахстан - Астана,https://reg.iteca.kz/list/detailsfull.aspx?link=0x81597aeea421bb3d11edc090307435a9,+7 812 383 99 69,kolavent@kolavent.ru,www.kolavent.ru,,,,,,,,,
160,"КОМПОЗИТ, НПО",Россия - Курск,https://reg.iteca.kz/list/detailsfull.aspx?link=0x81597aeea421bb3d11edc090307435aa,+7 4712 200 600,sales@composit-industrial.com,www.composit-industrial.com/ru,,,https://www.youtube.com/channel/UCpGtJAkdBm32bq58YgvlH6A/,,,,ВКонтакте: https://vk.com/composit_industrial,,
161,КОРРУС ТЕХ АЗИЯ ТОО,Россия - Астана,https://reg.iteca.kz/list/detailsfull.aspx?link=0x8160e9aa7a0cc79311ee2f8076a70705,+7 717 297 15 40,korrus-asia@mail.ru,www.korrus.kz,,,,,,,,,
162,КОРУНД ГМК ТОО,Казахстан - Усть-Каменогорск,https://reg.iteca.kz/list/detailsfull.aspx?link=0x815e8f4ac426f3de11ee17c571b7ae59,+7 7232 26 54 80,info@korund.kz,,gmk.korund,,GMK Korund,,,,,gmk_korund,
163,КРУММЕНАУЭР,Германия - Neunkirchen,https://reg.iteca.kz/list/detailsfull.aspx?link=0x36ed68b9589ccf4ab2679cd37f7ef2a5,+496821-105105,mining@krummenauer.de,www.krummenauer.de,,,,,,,,,
164,"КУРЫЛЫС ТЕХНИКА, ТОО",Казахстан - Караганда,https://reg.iteca.kz/list/detailsfull.aspx?link=0x815e8f4ac426f3de11ee17c571b7ae65,+7 7212 90 24 19,info@kurylysteh.kz,www.kurylysteh.kz,,,,,,,,,
165,LHS ROCK DRILLING TOOLS LIAONING MACHINERY EQUIPMENT SALES CO. LTD.,Китай - HULUDAO,https://reg.iteca.kz/list/detailsfull.aspx?link=0x2743786995d40c42ac7196a9e709f242,+86 429 4428053,info@lhsdrill.com,www.lhsrocktool.com,,,,+86 187 40298585,,,,,
166,LNK INDUSTRIES JSC,Латвия - Riga,https://reg.iteca.kz/list/detailsfull.aspx?link=0x8161cef8ebd4913f11ee35026933dc9a,+371 6743 9900,technology@lnk-industries.lv; office@lnk-industries.lv,www.lnk-industries.lv/en,,,,,,https://www.linkedin.com/company/lnkindustries/posts/?feedView=all,,,
167,"LUOYANG DAHUA HEAVY INDUSTRY SCIENCE & TECHNOLOGY CO., LTD.","Китай - Luoyang city, Henan Province",https://reg.iteca.kz/list/detailsfull.aspx?link=0x71e7cac6640201469ff3c48999c0cb03,+86-379-18238885747,13559927@qq.com,www.lydhcrusher.com,,https://www.facebook.com/lydhcrusher,https://www.youtube.com/@luoyangdahuaheavyindustrys1958,+86-379-18238885747,,https://www.linkedin.com/company/luoyang-dahua-heavy-type-machinery-co--ltd/mycompany/,,,
168,"LUOYANG SINOROCK ENGINEERING MATERIAL CO., LTD.",Китай - Luoyang City,https://reg.iteca.kz/list/detailsfull.aspx?link=0x0647d9927863d848a48277163d2c7c30,+86 15517921850,mktg@sinorockco.com,www.sinorockco.com,,,,+86 15517921850,,,,,
169,"LUOYANG ZHONGDE HEAVY INDUSTRIES CO., LTD",Китай - LUOYANG,https://reg.iteca.kz/list/detailsfull.aspx?link=0xa6c0ff10ff600a47a8ebf1a74f5c2402,+86-17538860301,market013@lyzdzg.cn,www.zdzg.cn,,,,+86 17538860301,,,,,
170,ЛЕЙКА ГЕОСИСТЕМС КАЗАХСТАН ТОО,Казахстан - Алматы,https://reg.iteca.kz/list/detailsfull.aspx?link=0x815e8f4ac426f3de11ee1fa2327bcf7d,+7 727 303 17 17,info@leica-geosystems.kz,www.geosystems.kz,https://instagram.com/leica.geosystems.kazakhstan,https://www.facebook.com/LeicaGeosystemsKazakhstan/,https://www.youtube.com/channel/UCNsR5bnhyOI2-_AXmE8gv6g,+77017533607,,https://www.linkedin.com/company/leica-geosystems-kazakhstan/,,,
171,"ЛЯОНИН ЛИМИТЕД , КАУЧУКОВАЯ ПРОМЫШЛЕННОСТЬ ХАНПЕНГА",Китай - FuXin,https://reg.iteca.kz/list/detailsfull.aspx?link=0x03a1460307bac3428ec8be1984e45f70,008613464878668,hanpeng_alice@163.com,,,,https://www.youtube.com/channel/UC3a92AXou3FMGZDNc8ROC_w,008613464878668,,https://www.linkedin.com/in/ma-jing-934187247/,,,
172,MAGNA TYRES WORLD B.V.,Нидерланды - Waalwijk,https://reg.iteca.kz/list/detailsfull.aspx?link=0xf776896e5c317d46876bcda8f404e19d,+31416675220,hein@magnatyres.com,www.magnatyres.com,https://www.instagram.com/magnatyres.group/,https://www.facebook.com/magnatyresgroup/,https://www.instagram.com/magnatyres.group/,,,https://www.linkedin.com/company/magna-tyres-group/mycompany/,,,
173,MAGOTTEAUX EAST MEDITERRANEAN LTD,Кипр - Limassol,https://reg.iteca.kz/list/detailsfull.aspx?link=0x8161cef8ebd4913f11ee35026933dc9b,+357 99 450297,mamoon.yassin@magotteaux.com,www.magotteaux.com,,,,+35799450297,,,,,
174,"MAXDRILL ROCK TOOLS CO.,LTD",Китай - Guiyang,https://reg.iteca.kz/list/detailsfull.aspx?link=0x005473b046a8454083f603f35120a7bf,0851-88639106,office@kemaico.com,www.maxdrillrocktools.com,https://www.instagram.com/maxdrillrocktools/,https://www.facebook.com/maxdrillrocktools,https://www.youtube.com/@maxdrillrocktools6877/videos,1-312-459 0718,,https://www.linkedin.com/company/76202470/admin/feed/posts/,,,
175,MCI GROUP,Казахстан - Караганда,https://reg.iteca.kz/list/detailsfull.aspx?link=0xc03b6c374395e44fb716283f7737b901,+7 7212 996 492,info@mci-group.kz,www.mci-group.kz,,,,,,,,,
176,ME ELECMETAL,"Соединённые Штаты Америки - Minneapolis, Minnesota",https://reg.iteca.kz/list/detailsfull.aspx?link=0x87be71a62a4caa4da362844d4817fbd5,+17788757525,amakovetski@meglobal.com,www.me-elecmetal.com,meelecmetal,ME Elecmetal,,,,,,,
177,METSO,Казахстан - Алматы,https://reg.iteca.kz/list/detailsfull.aspx?link=0x81597aeea421bb3d11edc090307435ac,+7 800 004 44 04,info.kz@mogroup.com,www.metso.com,,https://www.facebook.com/MetsoOfficial/,https://www.youtube.com/@MetsoOfficial,,,https://www.linkedin.com/company/metsoofficial/,,https://twitter.com/MetsoOfficial,
178,MILEQUIP CORPORATION,Китай - SHENYANG,https://reg.iteca.kz/list/detailsfull.aspx?link=0x605f0d580878c94cb3a413b5567c6b49,+86-24-23944005,qinzeyu@milequip.com.cn,www.milequip.com.cn,,,,,,linkedin.com/in/eric-q-201230150,,,
179,MINING & DRILLING SERVICES,Казахстан - Алматы,https://reg.iteca.kz/list/detailsfull.aspx?link=0x81597aeea421bb3d11edc0183f4ab400,"391-11-91, 391-16-15, +7 701 782 99 29",info@mdservices.kz; ipriyezzheva@mdservices.kz,www.mdservices.kz,mdservices.kz,Mining & Drilling Services,,87017829929,,,,,
180,MININGWORLD RUSSIA,Россия - Москва,https://reg.iteca.kz/list/detailsfull.aspx?link=0x8161cef8ebd4913f11ee3667878609bb,+7 495 1363954,Elena.Bashinskaya@ite.group,www.miningworld.ru,,,,,,,ВКонтакте: https://vk.com/mining_expo,,
181,MKS GMBH,Германия - Juelich,https://reg.iteca.kz/list/detailsfull.aspx?link=0xc510eabb3a8a0444ba9d13d2938b3ed4,+492461935820,a.krekker@mks-anlasser.de,www.mks-anlasser.de,mks_central_asia,,,,,https://www.linkedin.com/in/dipl-ing-alexander-krekker-08492484,,,
182,МАД МАСТЕР ТОО,Казахстан - Алматы,https://reg.iteca.kz/list/detailsfull.aspx?link=0x814cd02cd1f8387811ed4ec006bc01f5,+7 777 364 70 84,adilova@mudmaster.ru,,,,,+77773647084,,,,,
183,МАЗ ЦЕНТР КАЗАХСТАН ТОО,Казахстан - Алматы,https://reg.iteca.kz/list/detailsfull.aspx?link=0x8162bd396bc9787911ee3beef1509699,"3131005, 3767666",office@maz-avto.kz,www.maz-avto.kz,,,,,,,,,
184,МАЙКРОМАЙН ЦЕНТРАЛЬНАЯ АЗИЯ ТОО,Казахстан - Алматы,https://reg.iteca.kz/list/detailsfull.aspx?link=0xac1651076630e44aafc9a3127621fe2e,+7 727 349 39 94,mmkz@micromine.com,www.micromine.com,https://www.instagram.com/micromine_centralasia/,https://www.facebook.com/microminecentralasia/,,,https://t.me/micromine_centralasia,https://www.linkedin.com/company/96048608/,,,
185,"МАКСАМ КАЗАХСТАН, ТОО",Казахстан - Караганда,https://reg.iteca.kz/list/detailsfull.aspx?link=0x8160e9aa7a0cc79311ee2f8076a7070d,+7 7212 320 457,samenova@maxamcorp.com,www.maxamcorp.com,,,,,,,,,
186,МАРС РОКБУЛ,"Турция - Ankara, YENIMAHALLE",https://reg.iteca.kz/list/detailsfull.aspx?link=0x2830402555b7b248bf8a9343e0fbe11a,+90 543 898 1718,alma@marsrockdrill.com,www.marsrockdrill.com,,https://www.facebook.com/MarsRockDrill,https://www.youtube.com/@marsrockdrill889,+90 543 898 1718,,https://www.linkedin.com/company/mars-rock-drill/,,,
187,МАРТИН ИНЖИНИРИНГ ООО,Россия - Москва,https://reg.iteca.kz/list/detailsfull.aspx?link=0x81597aeea421bb3d11edc090307435ab,+7 495 181 33 43,info@martin-eng.com,www.martin-eng.ru,https://www.instagram.com/martinengineering/,https://www.facebook.com/MartinEngineering/,https://www.youtube.com/c/martinengineering,,,https://www.linkedin.com/company/martin-engineering,,https://twitter.com/MARTINupdates?ref_src=twsrc%5Egoogle%7Ctwcamp%5Eserp%7Ctwgr%5Eauthor,
188,МАТЕС S.P.A.,Италия - Масса,https://reg.iteca.kz/list/detailsfull.aspx?link=0x81597aeea421bb3d11edc027b4a57cdc,+39 0585 8365,victor@matecitalia.com,www.matecindustries.com,matec_industries,Matec Industries,Matec Industries S.p.A.,+39 329 261 1680,,,,,
189,МАШХИМПРОМ ООО,Беларусь - Солигорск,https://reg.iteca.kz/list/detailsfull.aspx?link=0x8160e9aa7a0cc79311ee30274bf17caf,+375 44 573 56 40,info@mhp.by,www.mhp.by,https://www.instagram.com/mhp.by/?igshid=YmMyMTA2M2Y%3D,,,+375 44 573 5640,https://t.me/mashkhimprom,,,,+375 44 573 5640
190,МЕКА,Турция - АНКАРА,https://reg.iteca.kz/list/detailsfull.aspx?link=0xdb1a1c34fdd2c6499a333490baaa0b0e,+90 312 397 91 33,sales@mekaglobal.com,www.mekaglobal.com,,,,,,,,,
191,МЕЛИТЭК КАЗАХСТАН,Казахстан - Усть-Каменогорск,https://reg.iteca.kz/list/detailsfull.aspx?link=0x815e8f4ac426f3de11ee17c571b7ae5a,7 7232 41 34 18,infokz@melytec.ru,www.melytec.ru,,https://www.facebook.com/melytec/,https://www.youtube.com/channel/UCfg8A9F6mvjLciCZ8aEM5pQ,,,,ВКонтакте: https://vk.com/melytec,,
192,МЕТАЛЛУРГ,Россия - Магнитогорск,https://reg.iteca.kz/list/detailsfull.aspx?link=0x8161cef8ebd4913f11ee351c63617156,+7 3519 58 07 58,info@metallur.ru,,,,https://www.youtube.com/channel/UCWQWeYvBDUNMHUuaNHIYFzw,,https://t.me/aometallurg,,ВКонтакте: https://vk.com/aometallurg,,
193,МЕТЭКС КОМПАНИЯ ТОО,Казахстан - Алматы,https://reg.iteca.kz/list/detailsfull.aspx?link=0x8162972d8511bb3911ee52c18e999402,+7 727 248 13 33,info@metex.kz,www.metex.kz,,,,,,,,,
194,МИНЕРАЛ ИННОВЭЙТИВ ТЕКНОЛОДЖИЗ ГРУП,Казахстан - Алматы,https://reg.iteca.kz/list/detailsfull.aspx?link=0x88a7c1401fa9364bb0d54c01e8f8d5c6,+7 705 510 28 99,mark@m-i-t.co.za,www.mit-group.kz,,,,,,https://www.linkedin.com/company/mineral-innovative-technologies/,,,
195,МКА ИНЖИНИРИНГ,Казахстан - Алматы,https://reg.iteca.kz/list/detailsfull.aspx?link=0x815e8f4ac426f3de11ee17c571b7ae5d,+7 727 379 33 83,mka@mka.kz,www.mka.kz,,,,,,,,,
196,"МОНТРАНС, ООО",Россия - Москва,https://reg.iteca.kz/list/detailsfull.aspx?link=0x8160e9aa7a0cc79311ee3149f65f0259,8 (800) 200-91-10; +7 985 760-44-04; +7 929 969-86-29,sale7@montrans.ru; zhuravlev@montrans.com,www.montrans.com,,,,,,,,,
197,МОРТЕЛЕК,Франция - Лилль,https://reg.iteca.kz/list/detailsfull.aspx?link=0x52fdc2ffb7421a49b9a7438325624f9d,+33(0)320966666,contact@mortelecque.com,www.mortelecque.com,,,,,,https://www.linkedin.com/company/mortelecque/mycompany/,,,
198,МСТ ООО,Россия - Кемерово,https://reg.iteca.kz/list/detailsfull.aspx?link=0x81597aeea421bb3d11edc090307435ad,+7 3842 777 457,info@mst.ru.com,,https://www.instagram.com/mst.global,,,,,,ВКонтакте: https://vk.com/globalmst,,
199,"NINGBO COZY RUBBER CO.,LTD.",Китай - NINGBO,https://reg.iteca.kz/list/detailsfull.aspx?link=0x870012ab8ee2514c849bf94a92e87f68,0086 15558208577,clark@cozyflex-tech.com,www.cozyflex-tech.com,,,,0086 15558208577,,,,,
200,NORD MINERALS,Казахстан - Алматы,https://reg.iteca.kz/list/detailsfull.aspx?link=0x815e8f4ac426f3de11ee1630e4f87edd,+7 721 294 03 77,info@ndminerals.com,www.ndminerals.com,,,https://youtube.com/@NordMinerals,,,https://www.linkedin.com/company/%D1%82%D0%B5%D1%81%D1%822/,,,
201,NORMET,Финляндия - Iisalmi,https://reg.iteca.kz/list/detailsfull.aspx?link=0x81597aeea421bb3d11edc090307435af,+358 (0)17 83 241,,www.normet.com,@normetgroup,,@normetoy7192,,,,,,
202,"НАЦИОНАЛЬНАЯ ГЕОЛОГИЧЕСКАЯ СЛУЖБА, АО",Казахстан,https://reg.iteca.kz/list/detailsfull.aspx?link=0x17daf279238a674cb36301671582491e,,,,,,,,,,,,
203,НЕМЕЦКИЙ ПАВИЛЬОН,Германия - Bonn,https://reg.iteca.kz/list/detailsfull.aspx?link=0x7ce408887244fd49954c6a1d68e01fdb,+49 228 996150,poststelle@bmwk.bund.de,www.bmwk.de,https://www.instagram.com/bmwk_bund/,https://www.facebook.com/BMWK,,,,https://de.linkedin.com/company/bmwk,,,
204,НИПИГОРМАШ,Россия - Екатеринбург,https://reg.iteca.kz/list/detailsfull.aspx?link=0x81597aeea421bb3d11edc090307435ae,+7 343 295 85 07,main@npgm.ru,www.npgm.ru,,,,,,,ВКонтакте: https://vk.com/npgm_ru,,
205,"НОНИУС ИНЖИНИРИНГ, ООО",Россия - Санкт-Петербург,https://reg.iteca.kz/list/detailsfull.aspx?link=0x815e8f4ac426f3de11ee1fa2327bcf7c,+7 812 313 65 98,sales@noniusgroup.ru,www.noniusgroup.ru,,,@NoniusEngineeringCo,,,,,,
206,"НПО ЦЕНТР, ОАО",Беларусь - Минск,https://reg.iteca.kz/list/detailsfull.aspx?link=0x8160e9aa7a0cc79311ee30274bf17cac,+375 17 2590404,center45@npo-center.com,www.npo-center.com,npo_center,,,,,,,,
207,OLKO-MASCHINENTECHNIK,Германия - Olfen,https://reg.iteca.kz/list/detailsfull.aspx?link=0x22b2243a09de7a4abdfaa1fe632034a1,+492595385990,info-olko@ts-gruppe.com,www.ts-olko.com,,,,,,https://www.linkedin.com/company/olko-maschinentechnik-gmbh,,,
208,OLOFSFORS,Швеция,https://reg.iteca.kz/list/detailsfull.aspx?link=0x8162bd396bc9787911ee462413733cfe,,,,,,,,,,,,
209,OME GROUP ТОО,Казахстан - Караганда,https://reg.iteca.kz/list/detailsfull.aspx?link=0x81597aeea421bb3d11edc0183f4ab401,87212397067,info@omegroup.kz,www.omegroup.kz,,,,87084397067,,,,,
210,OPTIMUS KZ ТОО,Казахстан - Караганда,https://reg.iteca.kz/list/detailsfull.aspx?link=0x81597aeea421bb3d11edc0183f4ab402,+7 7212 504550,office1optimus-kz.kz,www.optimus-kz.kz,https://www.instagram.com/p/BePNDEfhh7I/?taken-by=optimus.kz,,,,,,,,
211,ORIENTAL CО. LTD,Казахстан - Алматы,https://reg.iteca.kz/list/detailsfull.aspx?link=0x81597aeea421bb3d11edc0183f4ab403,"+7 727 279 12 69, 279 12 70",oriental1993@mail.ru,,,,,,,,,,
212,OST ENGINEERING,Казахстан,https://reg.iteca.kz/list/detailsfull.aspx?link=0x8162972d8511bb3911ee511bf301c756,,,,,,,,,,,,
213,OTR ENGINEERED SOLUTIONS,"Китай - Wuxi, Jiangsu province",https://reg.iteca.kz/list/detailsfull.aspx?link=0x8160e9aa7a0cc79311ee327b56b4a8da,+8615951581737,Richard.Wang@otrwheel.com,www.otrwheel.com,,,,,,,,,
214,POLYCORP,Канада - Elora,https://reg.iteca.kz/list/detailsfull.aspx?link=0x8161cef8ebd4913f11ee35026933dc9c,+1 519 846 2075,asmagulov@poly-corp.com,www.polycorp.com,,,,,,,,,
215,PROETI,Испания - MADRID,https://reg.iteca.kz/list/detailsfull.aspx?link=0x8161cef8ebd4913f11ee37fdecc17f74,+34 91 6282940,gerardo@proetisa.com,www.proetisa.com,,,,,,,,,
216,ПАССАТСТАЛЬ ООО,"Беларусь - Минская обл., Солигорский р-н",https://reg.iteca.kz/list/detailsfull.aspx?link=0xabdc539069e70143888838dcb3858cc2,+375174329602,stal@passat-group.by,www.passatstal.by,,,https://www.youtube.com/channel/UCqZjPzCU64ExvlVo4DpXgZw,,,https://www.linkedin.com/company/%D0%BF%D0%B0%D1%81%D1%81%D0%B0%D1%82%D1%81%D1%82%D0%B0%D0%BB%D1%8C/,,,
217,ПВП СНК  ТОО,Казахстан - Алматы,https://reg.iteca.kz/list/detailsfull.aspx?link=0x815e8f4ac426f3de11ee17c571b7ae5e,+7 707 560 54 50,info@pvp-snk.kz,www.pvp-snk.kz,ooo_pvp_snk,,,+77075605450,,,,,
218,ПЕРВАЯ МЕТИЗНАЯ КОМПАНИЯ ТОО,Казахстан - Павлодар,https://reg.iteca.kz/list/detailsfull.aspx?link=0x815e8f4ac426f3de11ee17c571b7ae5f,+7 7182 90 68 45,office@1pmk.kz,www.1pmk.kz,pmk_kz2020,,,"+7 701 529 30 57,   +7 700 312 27 00",,,,,
219,ПЕТРОПАМП КЗ,Казахстан - Алматы,https://reg.iteca.kz/list/detailsfull.aspx?link=0xdcedc4ae1327ea4db0af54b163dff6c8,,office@petropump.kz,www.petropump.kz,,,,,,,,,
220,ПИКАР,Россия - Москва,https://reg.iteca.kz/list/detailsfull.aspx?link=0x81597aeea421bb3d11edc090307435b1,+7 495 220 12 82,picar@picar-motors.ru,www.picar-motors.ru,,,,,,,,,
221,"ПК ГАРО, ООО",Россия - Кемерово,https://reg.iteca.kz/list/detailsfull.aspx?link=0x8160e9aa7a0cc79311ee30fab05f5c7c,+7 3842 692459 ; +7 3842 692286,garobk@bk.ru,www.garopk.ru,,,,,,,,,
222,ПК ПРОМКАНАТ ООО,Украина - Кривой Рог,https://reg.iteca.kz/list/detailsfull.aspx?link=0x462e7cee47f8fd4c9969c08c6c07f7da,+380564041280,info@promkanat.com,www.promkanat.com,,,,,,,,,
223,ПОСОЛЬСТВО ВЕЛИКОБРИТАНИИ В РЕСПУБЛИКЕ КАЗАХСТАН,Казахстан - Астана,https://reg.iteca.kz/list/detailsfull.aspx?link=0xde0e6d3bd6bb984197549cb421f8803d,+7 705 117 80 73,Assel.Zhanbulatova@fcdo.gov.uk Zarina.Abzhapparova@fcdo.gov.uk,,https://www.instagram.com/ukinkz/,,,,,,,,
224,ПРОГРЕССКАЗИНЖИНИРИНГ ТОО,Казахстан - Алматы,https://reg.iteca.kz/list/detailsfull.aspx?link=0x81597aeea421bb3d11edc090307435b2,+7 727 255 88 44,office@pke.kz,www.pke.kz,www.instagram.com/pke.kz/,,,,,,,,
225,ПРОМГЕОПЛАСТ,Россия - Новосибирск,https://reg.iteca.kz/list/detailsfull.aspx?link=0x814cd02cd1f8387811ed4e9e870a666d,+7 995 101 02 80,info@promgeoplast.ru,www.promgeoplast.ru,,,,+79951010280,,,,,
226,"ПРОМПРИВОД, ТОО",Казахстан - Алматы,https://reg.iteca.kz/list/detailsfull.aspx?link=0x815e8f4ac426f3de11ee17c571b7ae64,+7 727 350 58 68,info@promprivod.kz,www.promprivod.org,@promprivod_org,promprivod.kz,,+7 771 350 58 68,https://t.me/promprivod,https://www.linkedin.com/company/promprivodllc/mycompany/?viewAsMember=true,,,
227,"ПРОМРАДИАТОР-НК, ООО",Россия - Новокузнецк,https://reg.iteca.kz/list/detailsfull.aspx?link=0x92cab4801e0dec439a4e3da160e9eb96,8-800-550-47-97,sales@hono-r.com,www.hono-r.com,https://instagram.com/serzhzuravlev?igshid=NTc4MTIwNjQ2YQ==,,https://youtube.com/@zhuravlevserzh3550,,,,ВКонтакте: https://vk.com/honor2008,,
228,"ПРОМЭЛЕКТРОМАШ, ООО","Россия - Свердловская область, г. Екатеринбург",https://reg.iteca.kz/list/detailsfull.aspx?link=0x8160e9aa7a0cc79311ee3149f65f0251,"+7 922 203 45 46, +7 922 159 48 88",RRElectro@yandex.ru,www.zavodelectro.ru,,,,,,,,,
229,ПТМ АО,Россия - Таганрог,https://reg.iteca.kz/list/detailsfull.aspx?link=0x815e8f4ac426f3de11ee17c571b7ae66,+7 8634 329 410,office@ptmash.com,www.ptmash.com,,,,,,,ВКонтакте: https://vk.com/ptm.machinery,,
230,"ТОО ""ПРОМТЕХ ПЕРСПЕКТИВА""",Казахстан - Караганда,https://reg.iteca.kz/list/detailsfull.aspx?link=0x8162972d8511bb3911ee4d8a173c7584,8 7212 922 191,promtech@perspektiva.kz,,,,,,,,,,
231,RBC ТОО,Казахстан - Усть-Каменогорск,https://reg.iteca.kz/list/detailsfull.aspx?link=0x814cd02cd1f8387811ed4f69f3a453ff,+7 701 977 81 00; +7 705 508 48 77,,,,,,,,,,,
232,ROBERTSON GEO,Великобритания - Деганви,https://reg.iteca.kz/list/detailsfull.aspx?link=0x8161cef8ebd4913f11ee35026933dc9d,+44 1492 582323,info@robertson-geo.com,www.robertson-geo.com,,,,,,https://www.linkedin.com/company/robertson-geologging/,,,
233,"ROGIL CO.,LTD",Южная Корея - ULSAN,https://reg.iteca.kz/list/detailsfull.aspx?link=0xe4b8e3caa4c3914699290985487e98ac,+821063565625,rolleng@rolleng.com,www.rolleng.com,,,,,,,,,
234,ЗОНА ПЕРЕГОВОРОВ РОССИЙСКОГО ЭКСПОРТНОГО ЦЕНТРА,Россия,https://reg.iteca.kz/list/detailsfull.aspx?link=0x8162bd396bc9787911ee4584a1e3bdcf,,,,,,,,,,,,
235,РАКЕТА ЛУБРИКАНТС,Россия - Екатеринбург,https://reg.iteca.kz/list/detailsfull.aspx?link=0x815e8f4ac426f3de11ee17c571b7ae67,8 343 318 26 23,info@rocket-oil.ru,www.rocket-oil.ru,rocket_lubricants,,,,,,,,
236,РЕМТЕХКОМПЛЕКТ ТОО,Казахстан - Актобе,https://reg.iteca.kz/list/detailsfull.aspx?link=0x815e8f4ac426f3de11ee17c571b7ae68,+7 7132 41 12 37,aktobe@rtkco.ru,www.rtkco.kz,,,https://www.youtube.com/@ao_rtk,,,,ВКонтакте: https://vk.com/remtehkomplekt,,
237,РЕШКЕ РУС ООО,Россия - Иваново,https://reg.iteca.kz/list/detailsfull.aspx?link=0x81597aeea421bb3d11edc090307435b4,"+7 4932 939 969, +7 778 625 53 26",info@reschke.ru,www.reschke.ru,,,https://www.youtube.com/channel/UCCfwOTu1tT3G4h6PALkn9bg,,,,,,
238,РИВ-ГК,Россия - Солнечногорсий район,https://reg.iteca.kz/list/detailsfull.aspx?link=0x84128abeac84a54f850f5abf7de42460,+7 495 743 99 31,info@gidrosila.ru,www.gidrosila.ru,gidrosila.ru,,https://www.youtube.com/@user-hp9rz7eb3w,,,,ВКонтакте: https://vk.com/girosila,,
239,РИКАЗ,Казахстан - Алматы,https://reg.iteca.kz/list/detailsfull.aspx?link=0x81597aeea421bb3d11edc0dcc8b4d3a7,"+7 727 391 26 96, +7 727 391 26 97",info@rikaz.kz,www.leister.com.kz,https://www.instagram.com/rikaz_ltd/,https://www.facebook.com/rikazltd/,https://www.youtube.com/channel/UCNp6T8C6-DtgYw_2-xog9Fw?view_as=subscriber,,,,ВКонтакте: https://vk.com/public164651228,,
240,РОГР ЭЛЕКТРОНИКС ТОО,Казахстан - Кокшетау,https://reg.iteca.kz/list/detailsfull.aspx?link=0x815e8f4ac426f3de11ee20935545cf59,+7 777 038 9976,"info@rogrelectronics.com, mtk@rogrelectronics.com",www.rogrelectronics.com,,,,,,,,,
241,РОКСИА,Финляндия - Лаппеэнранта,https://reg.iteca.kz/list/detailsfull.aspx?link=0x40bff07b9a12924285b556d80f169f93,+358 201 113 311,sales-cis@roxia.com,www.roxia.com,,,,,,,,,
242,РОССИЙСКИЙ ЭКСПОРТНЫЙ ЦЕНТР АО,Россия - Москва,https://reg.iteca.kz/list/detailsfull.aspx?link=0x8162bd396bc9787911ee4584a1e3bdce,+7 495 783 11 22,info@exportcenter.ru,www.exportcenter.ru/en; www.myexport.exportcenter.ru,,,,,,,,,
243,"РУБИУС ТЕХ, ООО",Россия - Томск,https://reg.iteca.kz/list/detailsfull.aspx?link=0x8160e9aa7a0cc79311ee30fab05f5c79,+7 495 642-2772,info@rubius.com,www.rubius.com,,,,,,,,,
244,"РУСИНТЕХ СЕРВИС, ООО",Россия - Новосибирск,https://reg.iteca.kz/list/detailsfull.aspx?link=0x8160e9aa7a0cc79311ee3149f65f0255,+7 383 233 71 73,sale@rit-it.com,www.rit-it.com,,,https://www.youtube.com/channel/UCm-z4T_PfKAOTe-JlSZbaog,,,,,,
245,РЭЙСБОР ТОО,Казахстан - Хромтау,https://reg.iteca.kz/list/detailsfull.aspx?link=0x81597aeea421bb3d11edc090307435b5,+7 701 4050823,ekaterina.bolibok@raisebor.kz,,,,,,,,,,
246,CARBON ACTIVATED GMBH,Германия - Дортмунд,https://reg.iteca.kz/list/detailsfull.aspx?link=0x2df9a2dd69b9914c91333a9f36856a70,+4915114801882,waldemar@activatedcarbon.com,www.carbonactivatedeurope.com,,,,,,,,,
247,CATTINI OLEOPNEUMATICA SRL,"Италия - Gattatico, Reggio Emilia",https://reg.iteca.kz/list/detailsfull.aspx?link=0x090f0e635b0d8c44ae94867d47f75df3,0522909750,info@cattini.eu,www.cattini.eu,https://instagram.com/cattini.international?igshid=MzRlODBiNWFlZA==,https://www.facebook.com/profile.php?id=100083332299664,https://youtube.com/@CattiniOleopneumaticaSrl,,,https://www.linkedin.com/company/cattinioleopneumaticasrl/,,,
248,CFT GMBH COMPACT FILTER TECHNIC,Германия - Марль,https://reg.iteca.kz/list/detailsfull.aspx?link=0xc0aa2a948a74dd4199daeb8a438e381f,+49 2365 87 26 - 0,mail@cft-gmbh.de,www.cft-gmbh.de,,www.facebook.com/CFTGmbH/,www.youtube.com/channel/UC2rZy3xTV2222wOcSPeVFWg,,,www.linkedin.com/company/cft-gmbh/,,,
249,CMS CEPCOR,Великобритания - Coalville,https://reg.iteca.kz/list/detailsfull.aspx?link=0x8161cef8ebd4913f11ee35026933dc96,+44 1530 817000,sales@cmscepcor.com,www.cmscepcor.com,,,,,,,,,
250,COMACCHIO S.P.A.,Италия - Riese Pio X,https://reg.iteca.kz/list/detailsfull.aspx?link=0x433653692a49e247b1d2f6dac20a3d0d,+39 04237585,sales@comacchio.com,www.comacchio.com,,https://www.facebook.com/comacchiodrilling,https://www.youtube.com/@ComacchioSpA,,,https://www.linkedin.com/company/10183933/admin/feed/posts/,,,
251,SADI  -  ALIMAK,Казахстан - Астана,https://reg.iteca.kz/list/detailsfull.aspx?link=0x8161cef8ebd4913f11ee351c63617155,8 701 323 28 52,alimak_sergio@mail.ru,,,,,,,,,,
252,SAFEMENT ТОО,Казахстан - Алматы,https://reg.iteca.kz/list/detailsfull.aspx?link=0x81597aeea421bb3d11edc0183f4ab404,+7 771 780 06 16,info@safement.kz,www.safement.kz,,,,+77717800616,,,,,
253,SAM SOLUTIONS INC USA,Соединённые Штаты Америки - Highlands Ranch,https://reg.iteca.kz/list/detailsfull.aspx?link=0x8160e9aa7a0cc79311ee346033f4d47f,+1 (720) 361-6420,kirill.prytkov@sam-mx.com,https://samsolutionsinc.com/,,,,+16466432766,,,,,
254,"SAMBOO ATC CO.,LTD",Южная Корея - ULSAN,https://reg.iteca.kz/list/detailsfull.aspx?link=0x82b18e8e8416384fb6be2c9a6818eeec,82-52-264-6468,sambooatc@tape4masking.com,www.tape4masking.com,,,,,,,,,
255,"SANDVIK MINING AND CONSTRUCTION KAZAKHSTAN LTD"" (САНДВИК МАЙНИНГ ЭНД КОНСТРАКШН КАЗАХСТАН ЛТД), ТОО",Казахстан - Алматы,https://reg.iteca.kz/list/detailsfull.aspx?link=0x81597aeea421bb3d11edc090307435b6,+7 727 274 44 39,admin.kz@sandvik.com,www.home.sandvik,,https://www.facebook.com/sandvik?mibextid=ZbWKwL,https://www.youtube.com/user/SandvikMining1/videos,,,https://www.linkedin.com/showcase/sandvik-mining,,,
256,SATTILICK ТОО,Казахстан - Шахтинск,https://reg.iteca.kz/list/detailsfull.aspx?link=0x5a87195dcdd40c46a9bd02868e154449,+7 771 083 59 39,office@sattilick.kz,www.sattilick.com.kz,,,,,,,,,
257,SCHADE ЛАГЕРТЕХНИК ГМБХ,Германия - Gelsenkirchen,https://reg.iteca.kz/list/detailsfull.aspx?link=0x7aeb872a26da484d8821ed53c6865355,+49-209-50 31 60,sales@schade-lagertechnik.de,www.schade-lagertechnik.com,,,https://www.youtube.com/channel/UCjhfo5qEiQyl_i15F6AHz2g,,,https://www.linkedin.com/company/aumund-group/,,,
258,SDM LIFTING ТОО,Казахстан - Алматы,https://reg.iteca.kz/list/detailsfull.aspx?link=0x81597aeea421bb3d11edc0183f4ab405,+7 727 352 8000,sale@sdmlifting.kz,www.sdmlifting.kz,,,,+77761029799,,https://www.linkedin.com/in/aibek-nurkhaliyev/,,,
259,SEEQUENT,Казахстан - Алматы,https://reg.iteca.kz/list/detailsfull.aspx?link=0x927c5025e7cef54a8b2a40a94a7ab53c,+7 777 053 4834,dme.office@seequent.com,www.seequent.com,,,https://www.youtube.com/seequent,,https://t.me/seequent,https://www.linkedin.com/company/seequent/,ВКонтакте: https://vk.com/seequent,https://twitter.com/Seequentglobal,
260,"SENSORS ONE, TOO",Казахстан - Алматы,https://reg.iteca.kz/list/detailsfull.aspx?link=0xa644fd4b08c115478458f731b065a733,+7 727 327 17 27,info@sensors.kz,www.sensors.kz,https://www.instagram.com/sensors.kz/?igshid=YmMyMTA2M2Y%3D,,,+7 700 327 1727,,https://www.linkedin.com/company/too-sensors/,,,
261,SEVALO ENGINEERING MACHINERY KAZAKHSTAN ТОО,Казахстан - Алматы,https://reg.iteca.kz/list/detailsfull.aspx?link=0x814cd02cd1f8387811ed4df4c3f6b3e9,+7 727 355 89 90,too.sevalo@mail.ru,www.sevalo.kz,sevalo.kz,,,,,,,,
262,"SHANDONG DERUI MINING MACHINERY CO.,LTD","Китай - Wei Fang, Shandong",https://reg.iteca.kz/list/detailsfull.aspx?link=0x7e276f1074963743948902d6169bf4f7,+8618654710025,nina@deruigroup.com,www.deruigroup.com,,,,+8618654710025,,,,,
263,"SHANGHAI BAIYUDA INDUSTRY CO., LTD",Китай - SHANGHAI,https://reg.iteca.kz/list/detailsfull.aspx?link=0x72812addc61d494b890b47d5934228a6,+86-21-58627898,"anatoly@163.com, hb2005@126.com",,,,,,,,,,
264,"SHANGHAI JOYAL MACHINERY CO., LTD",Китай - SHANGHAI,https://reg.iteca.kz/list/detailsfull.aspx?link=0x6a77812af7cd57469db5fff3b602f6cf,86-21-68763311,joyal@crusherinc.com,www.joyalcrusher.com,https://www.instagram.com/joyalcrushermila/,https://www.facebook.com/han.mila.96,,,,,,,
265,SHAREATE TOOLS LTD.,Китай - Suzhou,https://reg.iteca.kz/list/detailsfull.aspx?link=0x3295cace4cd6de46b6d7e34cf0f92f6e,(86)512 6285 0656,info@shareate.com,www.shareate.com,,,,,,https://www.linkedin.com/company/shareate/,,,
266,SHENYANG HUAYUE BRILLIANT МАШИННОЕ ОБОРУДОВАНИЕ ООО,Китай,https://reg.iteca.kz/list/detailsfull.aspx?link=0x3bfaab66a67e63418c089d6f43106a9a,,,,,,,,,,,,
267,"SHIJIAZHUANG AN PUMP MACHINERY CO., LTD","Китай - Город Шицзячжуан, Провинция Хэбэй",https://reg.iteca.kz/list/detailsfull.aspx?link=0xf8922a51b28cf1438b2d923df95b8c80,+86 15032857866,anpump5@angroupcn.com,www.angroupcn.com,,https://www.facebook.com/sjzanpump123,https://www.youtube.com/channel/UCyZG4uRZ0GsEtgFjn8HuauA,+86-15032857866,,https://www.linkedin.com/company/centrifugal-pump/,,,
268,"SHIJIAZHUANG MUYUAN INDUSTRY & TRADE CO., LTD",Китай - SHIJIAHUZANG,https://reg.iteca.kz/list/detailsfull.aspx?link=0xee607a38bb892f4faa16c13b4ea2651b,+86-19711916179,sales11@cnmuyuan.com,www.cnmuyuan.com,,,,+86-13011599943,,https://www.linkedin.com/company/hebei-muyuan-pump-industry-co.-ltd/,,,
269,SIEBTECHNIK GMBH,Германия - Мюльхайм,https://reg.iteca.kz/list/detailsfull.aspx?link=0x5166e263882868419eb4396b37a1c048,+49208580100,sales@siebtechnik.com,siebtechnik-tema.com,,,https://www.youtube.com/channel/UCvh06TblDNahiTmrjA5SDMw,,,https://www.linkedin.com/company/siebtechnik-gmbh,,,
270,SKYRAY INSTRUMENT,"Китай - Кunshan city, Jiangsu province",https://reg.iteca.kz/list/detailsfull.aspx?link=0xeb5cd085231bd947940acfa368270ed1,+86 1891326 6363,rohs-david@skyray-instrument.com,www.skyray-instrument.com,,,,+86 18913266363,,,,,
271,"SMTECH, ООО",Россия - Санкт-Петербург,https://reg.iteca.kz/list/detailsfull.aspx?link=0x8160e9aa7a0cc79311ee30274bf17cb3,+78123319444; +77760070991,info@smtech.ru; info@smtech-k.kz,www.smtech.ru,,,,,,,,,
272,SOLID DRILLING SOLUTIONS-QAZAQSTAN ТОО,Казахстан - Алматы,https://reg.iteca.kz/list/detailsfull.aspx?link=0x81597aeea421bb3d11edc0183f4ab406,+7 727 225 00 04,acc@soliddrilling.kz,www.soliddrilling.com,https://instagram.com/sds_qazaqstan,https://www.facebook.com/sdsqazaqstan,https://www.youtube.com/@soliddrillingsolutionsqaza4435,,,https://www.linkedin.com/company/solid-driling-solutions-qazaqstan/,,,
273,SON-MAK MAKINE,Турция - Bursa,https://reg.iteca.kz/list/detailsfull.aspx?link=0xfc299e1802dda04d960d7009c75d69af,+902244400555,burak.ozmetin@son-mak.com.tr,www.son-mak.com.tr,https://www.instagram.com/sonmaktr/,www.facebook.com/sonmakmakinetr/,,https://wa.me/905301508647,,https://www.linkedin.com/company/son-maktr/,,,
274,SSAB,Швеция,https://reg.iteca.kz/list/detailsfull.aspx?link=0x8162bd396bc9787911ee462413733cff,,,,,,,,,,,,
275,STANDART POMPA,Турция - Istanbul,https://reg.iteca.kz/list/detailsfull.aspx?link=0xfb88ad1b33d5d641bfd0e457dfea4a5b,0090 216 4668900,info@standartpompa.com,www.standartpompa.com,https://www.instagram.com/standartpump/,https://www.facebook.com/StandartPump/,https://www.youtube.com/channel/UC7L-VhRbaTVOruub_eq2SLw,,,https://www.linkedin.com/company/standartpump/,,https://twitter.com/StandartPump,
276,STEINERT GMBH,Германия - Cologne,https://reg.iteca.kz/list/detailsfull.aspx?link=0xa0ec69938cfb374ca2da13430c8ffb05,+49 221 4984-03293,sales@steinert.de,www.steinertglobal.com,,,https://www.youtube.com/c/STEINERTglobal,,,https://www.linkedin.com/company/steinertgmbh/mycompany/,,,
277,STOCKHOLM PRECISION TOOLS AB,Швеция - Stockholm,https://reg.iteca.kz/list/detailsfull.aspx?link=0x32281edca179c648832325d5bea13e93,+46 8 59073310,marketing@sptab.com,www.sptab.com,,https://www.facebook.com/StockholmPrecisionTools,https://www.youtube.com/user/SPTboreholesurveys,,,https://www.linkedin.com/company/stockholmprecisiontools,,https://twitter.com/SPTAB,
278,STORM KAZAKHSTAN TOO,Казахстан - Алматы,https://reg.iteca.kz/list/detailsfull.aspx?link=0x8666d71c78323841acbddd07ce5912fa,+7 708 214 14 20,sales@storm-kazakhstan.kz,www.storm-kazakhstan.kz,storm_kazakhstan,,,+77082141420,,,,,
279,"STRONG MINERS, ТОО",Казахстан - Усть-Каменогорск,https://reg.iteca.kz/list/detailsfull.aspx?link=0xede29936d84c1b4eb8579f66010c5ec1,+7 705 624 18 24,asa@s-mine.ru,www.s-mine.kz,strong_miners_kz,,,+77056241824,,,,,
280,SUNLONG ТОО,Казахстан - Алматы,https://reg.iteca.kz/list/detailsfull.aspx?link=0x815e8f4ac426f3de11ee170198c21ad2,+7 727 243 53 46,sunlong@bk.ru,www.sunlong.kz,,,,,,,,,
281,"SWAFLY MACHINERY CO.,LIMITED",Китай - Guangzhou,https://reg.iteca.kz/list/detailsfull.aspx?link=0xa0bae3c0b0af684c99c42848b0cca242,+86-13538942643,info@swaflyparts.com,www.kubotaengine.ca/www.swaflyengine.com,https://www.instagram.com/swaflyparts,https://www.facebook.com/swaflymachinery,https://www.youtube.com/channel/UCVXc_gnhTLMpS0tp8BMAikw,0086 13538942643,,https://www.linkedin.com/company/76653774/admin/feed/posts/,ВКонтакте: https://vk.com/id760543515,,
282,SWISS TOWER MILLS MINERALS AG,Швейцария - Baden,https://reg.iteca.kz/list/detailsfull.aspx?link=0x8155a42ee82ddb0511ed71387d22e29d,+41 58 590 35 00,info@stmminerals.com,www.stmminerals.com,,,,,,https://www.linkedin.com/company/swiss-tower-mills-minerals-ltd/,,,
283,СЕВ-ЕВРОДРАЙВ ТОО,Казахстан - Алматы,https://reg.iteca.kz/list/detailsfull.aspx?link=0xb18a6a2488c9a242a403f5d1e1fdffd6,+7 727 350 51 56,kazakhstan@sew-eurodrive.com,kz.sew-eurodrive.com,https://www.instagram.com/seweurodrive_kazakhstan/,https://www.facebook.com/SEWEURODRIVEKZ,,+77767505156,,https://www.linkedin.com/company/sew-eurodrive-kazakhstan/,,,
284,"СЕВЕРМАШ, ЗАО",Россия - Вологда,https://reg.iteca.kz/list/detailsfull.aspx?link=0x815e8f4ac426f3de11ee1734d784575e,+7 8172 20 90 16,mail@npoakonit.ru,www.npoakonit.ru,,,https://www.youtube.com/channel/UCfwL36uRduMJbEsAxqi17GQ,,,,ВКонтакте: https://vk.com/npoakonitvologda,,
285,"СИЛУМИН СЕРВИС, ТОО",Казахстан - Усть-Каменогорск,https://reg.iteca.kz/list/detailsfull.aspx?link=0x8162bd396bc9787911ee462413733d01,8 7232 91 99 04,info@ukservice.kz,www.ukservice.kz,@siluminservice,,,8 (701) 965-35-00,,,,,
286,СИЛУМИН-ВОСТОК ТОО,Казахстан - Усть-Каменогорск,https://reg.iteca.kz/list/detailsfull.aspx?link=0x81597aeea421bb3d11edc090307435b7,769-012,info@silumin.kz,www.silumin.kz,,,,,,,,,
287,СИНЕРКОН,Казахстан - Усть-Каменогорск,https://reg.iteca.kz/list/detailsfull.aspx?link=0x81597aeea421bb3d11edc0dcc8b4d399,+7 7232 240 36 34,info@synercon.kz,www.synercon.kz,,,,,,,,,
288,"СИСИЭС СЕРВИС - ЦЕНТРАЛЬНАЯ АЗИЯ, ТОО",Казахстан - Алматы,https://reg.iteca.kz/list/detailsfull.aspx?link=0x2537292fbc97c044b678f390804d64c7,+7 727 237 77 80,info@ccsservices.kz,www.ccsservices.kz,,,,,,,,,
289,СКАНТЕХ ИНТЕРНЕШНЛ ПТИ ЛТД,Австралия - Brisbane,https://reg.iteca.kz/list/detailsfull.aspx?link=0x11e763b1c09815449b34049ee979c68a,+61 (0) 417 613 922 / +61 (0) 8 8350 0200,sales@scantech.com.au / r.palma@scantech.com.au / a.brodie@scantech.com.au,www.scantech.com.au,,,https://www.youtube.com/@ScantechTV,#61#0#417622913# OR #61#0#418848851#,,https://www.linkedin.com/company/scantech-international-pty-ltd./mycompany/,,,Australia#61#0#417622913
290,"СМ-ИНДУСТРИЯ, ООО",Россия - Самара,https://reg.iteca.kz/list/detailsfull.aspx?link=0x8160e9aa7a0cc79311ee3149f65f0256,+7 846 3 741 741,Td@strommash.ru,www.strommash.ru,,,,,,,,,
291,"СОВРЕМЕННЫЕ СИСТЕМЫ ПОЖАРНОЙ БЕЗОПАСНОСТИ, ООО","Россия - Кемеровская область - Кузбасс, г. Кемерово",https://reg.iteca.kz/list/detailsfull.aspx?link=0x8160e9aa7a0cc79311ee30fab05f5c7d,+7 3842 45 22 47,ooo.sspb@yandex.ru,www.sspb42.ru,,,,,,,,,
292,"СОЛИГОРСКИЙ ИНСТИТУТ ПРОБЛЕМ РЕСУРСОСБЕРЕЖЕНИЯ С ОПЫТНЫМ ПРОИЗВОДСТВОМ, ЗАО",Беларусь - Солигорск,https://reg.iteca.kz/list/detailsfull.aspx?link=0x8160e9aa7a0cc79311ee327b56b4a8d1,+375 174 26 28 37,ipr@sipr.by,www.sipr.by,,,,,,,,,
293,СПЕЦ-АВТО ТОО,Казахстан - Алматы,https://reg.iteca.kz/list/detailsfull.aspx?link=0x81597aeea421bb3d11edc0dcc8b4d39a,7 727 317 97 82,info@spetsavto.kz,www.spets-avto.kz,,,,,,,,,
294,"СПЕЦБУРМАШ ПО, ЗАО",Россия - Екатеринбург,https://reg.iteca.kz/list/detailsfull.aspx?link=0x8160e9aa7a0cc79311ee3149f65f0254,+7 3432664546,export@posbm.com,www.posbm.com,,,,,,,,,
295,СТАЛЬНОЕ ЛИТЬЕ ГНУ,Индия - PALWAL,https://reg.iteca.kz/list/detailsfull.aspx?link=0x9b472c16564f4b4d80e73e81bbd6b580,+919999355115,export@gnucasting.com,WWW.GNUSTEELCASTING.COM,,,,,,,,,
296,3S DISTRIBUTION LLP,Казахстан - Алматы,https://reg.iteca.kz/list/detailsfull.aspx?link=0x0c2706f131fb1d4c8683349abcff0ee8,+7 701 718 58 24,vladislav.gorodnichy@3s-d.kz,www.3s-d.kz,,,,,,,,,
297,"TAIZHOU SHANHE TRADING CO.,LTD.",Китай - TAIZHOU CITY,https://reg.iteca.kz/list/detailsfull.aspx?link=0x24d015ef11e5c442b4f4978c429c1608,+86 576 82737372,Blue@cnpulk.com,www.cnpulk.com,,,,,,,,,
298,TECKNOWELD ALLOYS (ИНДИЯ) PRIVATE LIMITED,"Индия - Chennai, Tamil Nadu",https://reg.iteca.kz/list/detailsfull.aspx?link=0x8160e9aa7a0cc79311ee346033f4d47e,+ 91 99241 24759,sales@tecknoweld.com,www.tecknoweld.com,,https://www.facebook.com/profile.php?=100075797665407,,+91 9003019801,,https://www.linkedin.com/in/balaji-venkatesh-viswanathan-85107688,,,
299,"TEMIRSHI KZ, ТОО",Казахстан - Караганда,https://reg.iteca.kz/list/detailsfull.aspx?link=0x8160e9aa7a0cc79311ee2f8076a70701,8-7212-42-42-04,temirshi@appak.com,,,,,,,,,,
300,TEST INSTRUMENTS ТОО,Казахстан - Алматы,https://reg.iteca.kz/list/detailsfull.aspx?link=0x814cd02cd1f8387811ed4e9e870a666e,+7 727 379 99 55,info@ti.kz,www.ti.kz; www.pribor.kz,https://www.instagram.com/pribor.kz/,https://web.facebook.com/test.instruments.kz/,https://www.youtube.com/channel/UCzN9gLx5Lb7pd9gQh6_6iKw/,,,https://www.linkedin.com/company/test-instruments-ltd/,ВКонтакте: https://vk.com/priborkz,,
301,"TIANJIN  WODON WEAR RESISTANT MATERIAL CO.,LTD",Китай - Tianjin,https://reg.iteca.kz/list/detailsfull.aspx?link=0xbadbef61a4d53c4581ac7212650dd018,+86 22 86897973,cs@chinawodon.con,www.chinawodon.com,,,,,,,,,
302,TRACTION HYWG WHEEL RIM,Китай - SHANGHAI,https://reg.iteca.kz/list/detailsfull.aspx?link=0x0bcb0e2c8cedec4ca66a018b69ce996c,+86 (21) 61558271,hywgwheel@gmail.com,www.hywgwheel.com,,,https://www.youtube.com/watch?v=5uTiM52ksrI,,,,,,
303,TRATOS CAVI S.P.A.,Казахстан - Караганда,https://reg.iteca.kz/list/detailsfull.aspx?link=0x814cd02cd1f8387811ed4ac6e2d844d4,+7 7172 97 21 20; +7 495 669 68 98,info@hyper-energo.kz,www.tratosgroup.com,,,,,,,,,
304,TRIANGLE TYRE CO.LTD,Китай - Вэйхай,https://reg.iteca.kz/list/detailsfull.aspx?link=0x81597aeea421bb3d11edc090307435a7,+7 705 473 33 10,a.spiridonov@triangle.ru,www.triangle.com.cn,,,,,,,,,
305,ТА ВОСТОК ТОО,Казахстан - Актобе,https://reg.iteca.kz/list/detailsfull.aspx?link=0x814cd02cd1f8387811ed4f69f3a45400,+7 700 245 91 21,assan.d@tavostok.kz,www.tavostok.kz,,,,,,,,,
306,ТАКРАФ ГМБХ,Германия - Лейпциг,https://reg.iteca.kz/list/detailsfull.aspx?link=0x8b74dfc6eae97846818d92912731170d,+493412423500,info@takraf.com,www.takraf.com,,,,,,,,,
307,"ТАПФЛО, ТОО",Казахстан - Алматы,https://reg.iteca.kz/list/detailsfull.aspx?link=0x815e8f4ac426f3de11ee1966bd38510d,+7 701 266 70 92,sales@tapflo.kz,www.tapflo.kz      www.tapflo.com,,https://www.facebook.com/tapflogroup/about,https://www.youtube.com/@TapfloGroup,,,https://www.linkedin.com/company/tapflo-kazakhstan/,,,
308,"ТД ПЛАСТМАСС ГРУПП, ООО",Россия - Щелково,https://reg.iteca.kz/list/detailsfull.aspx?link=0x8160e9aa7a0cc79311ee3149f65f0258,+7 499 951 79 41,info@zedex.ru,www.plastmass-group.ru,,,,,,,,,
309,ТЕГА ИНДАСТРИЗ ЛИМИТЕД,Россия - Москва,https://reg.iteca.kz/list/detailsfull.aspx?link=0x2fc75f6508e2c740a0883ef7302e5abf,+7 495 655 17 49,office.tega@mail.ru,Brajesh Kumar,,,,,,,,,
310,ТЕКМАЙН ТОО,Казахстан - Алматы,https://reg.iteca.kz/list/detailsfull.aspx?link=0x815e8f4ac426f3de11ee1966bd38510e,+7 727 310 00 78,info@techmine.kz,www.techmine.kz,https://instagram.com/techmine_kz,,https://www.youtube.com/channel/UCxRY8UVrUcJuyrVXFktWz4g,+77770206860,,,ВКонтакте: https://vk.com/techmine_kz,,
311,ТЕЛКО ЦЕНТРАЛЬНАЯ АЗИЯ ТОО,Казахстан - Алматы,https://reg.iteca.kz/list/detailsfull.aspx?link=0x81597aeea421bb3d11edc0dcc8b4d39b,+7 727 313 10 66,telkocentralasia@telko.com,www.telko.com,,,,,,,,,
312,"ТЕСЕРА МЕЖДУНАРОДНАЯ КО., ЛТД",Китай - Zibo,https://reg.iteca.kz/list/detailsfull.aspx?link=0xe0530bc4b72f994ea1bd0c8027419ff6,+86-533-5207913,amy@tecera.com.cn,www.tecera.com.cn,,,,,,//www.linkedin.com/company/teceraceramic,,,
313,"ТЕСИМ МАКИНА КЗ, ТОО",Казахстан - Астана,https://reg.iteca.kz/list/detailsfull.aspx?link=0x814cd02cd1f8387811ed4f69f3a453fe,+7 777 111 11 99,a.kurbanbakiyev@tesim.kz,www.tesim.kz,,,,,,,,,
314,ТЕХНОАНАЛИТ ТОО,Казахстан - Усть-Каменогорск,https://reg.iteca.kz/list/detailsfull.aspx?link=0x814cd02cd1f8387811ed5065ce332094,+7 7232 252359,tehnoanalit@mail.ru,www.tehnoanalit.com,,,,,,,,,
315,ТЕХНОИМПЕКС ТОО,Казахстан - Костанай,https://reg.iteca.kz/list/detailsfull.aspx?link=0x8161cef8ebd4913f11ee351c63617158,"+7 707 742 05 21, +7 7142 390 390",bugaev@technoimpex.kz,www.technoimpex.kz,,,,+7 707 742 05 21,@Technoimpex,,,,
316,ТЕХНОЛОГИЯ РАЗВИТИЯ ТОО,Казахстан - Усть-Каменогорск,https://reg.iteca.kz/list/detailsfull.aspx?link=0x81597aeea421bb3d11edc090307435b3,"+7 7232 62 45 26, +7 777 996 91 90, +7 929 901 26 02","tehrazvit@mail.ru, info@tehrazvit.kz",www.tehrazvit.kz,,,,+7 777 996 91 90,+7 777 996 91 90,,,,
317,"ТОПМАЙНИНГ, ТОО",Казахстан - Астана,https://reg.iteca.kz/list/detailsfull.aspx?link=0x815e8f4ac426f3de11ee1966bd38510f,+ 7 7172 79 27 50,office@topmining.kz,www.topmining.kz,,,,+7 771 911 03 73,,,,,
318,ТЮФЕКЧИОГЛТУ,Турция - Анкара,https://reg.iteca.kz/list/detailsfull.aspx?link=0x4c68af786e6dd745ab3495193f2b559b,0090 312 267 1090,can@tk.com.tr / info@tk.com.tr,www.tk.com.tr/en,,,https://www.youtube.com/@tkvm,,,,,,
319,ТЯЖМАШ АО,Россия - Сызрань,https://reg.iteca.kz/list/detailsfull.aspx?link=0x81597aeea421bb3d11edc0dcc8b4d39d,"+7 8464 37 81 09, +7 8464 37 89 99",info@tyazhmash.com,www.tyazhmash.com,,,,,t.me/tyazhmashszr,,ВКонтакте: https://vk.com/tyazhmash_szr,,
320,ТЯНЬЦЗИНЬСКАЯ МЕЖДУНАРОДНАЯ ТОРГОВАЯ КОМПАНИЯ ХАЙЦЗЯ,Китай - Tianjin,https://reg.iteca.kz/list/detailsfull.aspx?link=0x81050088b2886b49ab586cf62fb7ed44,+86 22 2576 1277; +86 137 5256 7417,Wqglp761110@vip.sina.com,,,,,+86 13752567417,,,,,
321,UGURMAK,Казахстан - Алматы,https://reg.iteca.kz/list/detailsfull.aspx?link=0x815fd72d4048f5ef11ee220abcd02c02,+7 727 313 20 93,INFO@DECA.KZ,WWW.DECA.KZ,,,,,,,,,
322,ULSAN METROPOLITAN CITY,Южная Корея - Ulsan,https://reg.iteca.kz/list/detailsfull.aspx?link=0x3b5ddf68b39aa64f9010b5714b106d2f,+82 52 229 2742,bufferbrush@korea.kr,www.ulsan.go.kr/u/english,@ulsancity,@ulsannuri,,,,,,@ulsannuri,
323,UNIGEN STEEL ENGINEERING SRL,Италия - Brescia,https://reg.iteca.kz/list/detailsfull.aspx?link=0x19a01eb2ad9f2e4ea63759dc8abe8a94,+39 030 2161079,info@unigensteel.com,www.unigensteel.com,,,,,,,,,
324,WESCO GROUP ТОО,Казахстан - Алматы,https://reg.iteca.kz/list/detailsfull.aspx?link=0x815e8f4ac426f3de11ee1734d784575b,+7 701 777 26 42,info@wesco.kz,www.wesco.kz,wesco.group,,,wa.me/77079999444,,https://www.linkedin.com/company/wesco-group-llp/about/,,,
325,WEST INVEST COMPANY ТОО,Казахстан - Атырау,https://reg.iteca.kz/list/detailsfull.aspx?link=0x815e8f4ac426f3de11ee1734d784575c,+7 7122 48 01 90,sale@westinvest.kz,www.westinvest.kz,,,,+7 705 657 1065,,,,,
326,"YANTAI CISO LUBRICATION TECHNOLOGY CO.,LTD",Китай - YANTAI,https://reg.iteca.kz/list/detailsfull.aspx?link=0x2de5b72172c5ff4cbd30074df1cefcb4,+86-535-6919349,ytciso@163.com,www.cisolube.com,,,,,,,,,
327,УЛЬТРАКОМ ТОО,Казахстан - Усть-Каменогорск,https://reg.iteca.kz/list/detailsfull.aspx?link=0x815e8f4ac426f3de11ee1966bd385110,+7 705 269 92 10,arman@ultra-com.kz,www.ultra-com.kz,ultracom.kz,,,,,,,,
328,"УРАЛАКТИВ, ООО",Россия - Екатеринбург,https://reg.iteca.kz/list/detailsfull.aspx?link=0x8160e9aa7a0cc79311ee3149f65f0257,+7 343 253 10 21,info@uralactiv.ru,www.uralactiv.ru,,,,,,,,,
329,"УРАЛ-ОМЕГА, ЗАО",Россия - Магнитогорск,https://reg.iteca.kz/list/detailsfull.aspx?link=0x8160e9aa7a0cc79311ee30fab05f5c7b,"+7 3519 22 00 49, 22 00 51",market@uralomega.ru ; sales@uralomega.ru,www.uralomega.ru,,,,,,,,,
330,УРАЛЬСКИЙ ЗАВОД ФУТЕРОВОЧНЫХ РТИ,Россия - Екатеринбург,https://reg.iteca.kz/list/detailsfull.aspx?link=0x815e8f4ac426f3de11ee1a20d5d58e94,+7 343 221 53 45,mail@uralfrti.ru,www.uralfrti.ru,,,,,,,,,
331,"F & F (Ф И Ф), ТОО",Казахстан - Алматы,https://reg.iteca.kz/list/detailsfull.aspx?link=0xaae28bf07e5fee4fae50fca9291a4e85,+7 747 629 63 12,info@fif-group.kz,www.fif-group.kz,,,,,,,,,
332,FELUWA PUMPEN GMBH,Германия - Murlenbach,https://reg.iteca.kz/list/detailsfull.aspx?link=0x6a5b522be98113489df7739e87dcc278,+7 705 637 38 10,,www.feluwa.com,https://www.instagram.com/feluwa.pumpen/,https://www.facebook.com/feluwapumpen,https://www.youtube.com/@feluwapumpengmbh7977,,,https://www.linkedin.com/company/feluwa-pumps-gmbh-m-rlenbach-germany/,,,
333,FI UNION ТОО,Казахстан - Астана,https://reg.iteca.kz/list/detailsfull.aspx?link=0x09397897e7524842a503b6b2fe5b12a0,+7 7172 98 71 98; +7 7172 27 09 10,cd@fi-union.com,www.fi-union.com,,,,,,,,,
334,FORWARD,Китай - Lianyungang,https://reg.iteca.kz/list/detailsfull.aspx?link=0x8162bd396bc9787911ee3dae35c86532,+86 518 8159 9918,info@forwardrill.com,www.forwardrill.com,,,,,,,,,
335,"ВЕНЧУРНАЯ ФИРМА ФИД-Д, ООО","Россия - Московская область, г. Дубна",https://reg.iteca.kz/list/detailsfull.aspx?link=0x8160e9aa7a0cc79311ee3149f65f0253,"+7 916 177 05 40, +7 963 764 41 56, 8 800 600 30 67",fid@dubna.ru,www.fid-dubna.com,,,,,,,,,
336,ФАЧЧИН ГРУПП,Италия - VISANO BS,https://reg.iteca.kz/list/detailsfull.aspx?link=0xeb47b643d397284b9e053839199c26e0,+39 030 67 29 300,info@faccingroup.com,www.faccingroup.com,,,,,,,,,
337,ФЕРРОНОРДИК КАЗАХСТАН,Казахстан - Алматы,https://reg.iteca.kz/list/detailsfull.aspx?link=0x3185b703d9c7604385e1644223fabd72,+7 771 741 02 82,,www.ferronordic.com,ferronordic_kazakhstan,,Ferronordic,,,,,,
338,ФЛСМИДС,Казахстан - Алматы,https://reg.iteca.kz/list/detailsfull.aspx?link=0x814cd02cd1f8387811ed4dce140fbbab,+7 727 344 15 15,info.qazaqstan@flsmidth.com,www.flsmidth.com,https://www.instagram.com/flsmidthgroup/,https://www.facebook.com/flsmidthgroup/,https://www.youtube.com/user/flsmidth,,,https://www.linkedin.com/company/flsmidth,,https://twitter.com/FLSmidth,
339,ФЛЮТЕК ТОО,Казахстан - Караганда,https://reg.iteca.kz/list/detailsfull.aspx?link=0x815e8f4ac426f3de11ee1a20d5d58e93,+7 7212 90 24 15,info@flutech.kz,www.flutech.kz,,,,,,,,,
340,HALADJIAN MOBILE EQUIPMENT,Франция - Sorgues,https://reg.iteca.kz/list/detailsfull.aspx?link=0x91778c0c6a827f4cbaa8610404e8ca42,+33 7 87 80 46 96,aguerin@haladjian.com,www.haladjian.com,https://instagram.com/haladjian.group?igshid=OGQ5ZDc2ODk2ZA==,,,+33787804696,,https://www.linkedin.com/company/haladjian-mining/,,,
341,HASLER GROUP,Франция - NANTERRE,https://reg.iteca.kz/list/detailsfull.aspx?link=0x2d8bc90b643e524c9a3e8d80cb5f01a0,+33 1 56 83 83 83,sales.fr@hasler.group,www.hasler-gp.com/en,,,@haslergroup9211,,,https://www.linkedin.com/company/hasler-group/,,,
342,HAVER NIAGARA GMBH,Германия - Muenster,https://reg.iteca.kz/list/detailsfull.aspx?link=0xaa8b1c2d0d991048a1461de9b2663598,+49492519793102,m.zlatev@haverniagara.com,Dr. Metodi Zlatev,@haverniagara,https://www.facebook.com/haverniagara/,https://www.youtube.com/channel/UCvVO9HISyo60u8bYZqCpWuA,,,https://www.linkedin.com/company/37822169/admin/,ВКонтакте: https://vk.com/hbniagara,,
343,"HEBEI AOJIN MACHINERY CO.,LIMITED",Китай - SHIJIAZHUANG,https://reg.iteca.kz/list/detailsfull.aspx?link=0x6408d5cd3c6ac245b0290afd9f1bfb3a,+86-311-88802472,admin@aoj-pump.com,www.aoj-pump.com,,aojinslurrypump,aojinslurrypump,,,aojinslurrypump,,aojinslurrypump,
344,"HEBEI ORIENT RUBBER & PLASTIC CO.,LTD",Китай - Shijiazhuang,https://reg.iteca.kz/list/detailsfull.aspx?link=0x039c2f964530be4f9e7eb75e739c878b,+8618031869514,sales05@china-miningtech.com,www.china-miningtech.com,,,,+8618031869514,,https://www.linkedin.com/in/miningsolutionsclaire/,,,
345,"HEBEI STRUDEX TECHNOLOGY CO., LTD",Китай - Hengshui,https://reg.iteca.kz/list/detailsfull.aspx?link=0x310188a6934ca54180efeaef16d44dab,+86 15803320235;+86 17303181768,andy@miningstrudex.com,www.strudex-mining.com,https://www.instagram.com/strudexmining/,https://www.facebook.com/strudexscreening?mibextid=LQQJ4d,https://www.youtube.com/channel/UCWo89fld6vE3Aif08nx8Q6A,+86 17303181768,,https://www.linkedin.com/company/hebei-huanyou-rubber-plastic-products-co-ltd/about/?viewAsMember=true,,https://twitter.com/AndyWangstrudex,
346,"HEBEI ZONGHANG MACHINERY MANUFACTURING CO., LTD",Китай - SHIJIAZHUANG,https://reg.iteca.kz/list/detailsfull.aspx?link=0x26648960d347594d8aa6867206991bf3,0086-311-66792193,sales@apmwiremeshmachine.com,www.apmwiremeshmachine.com & www.wiremeshmachineschina.com,,https://www.facebook.com/nelly.chiew.7,https://www.youtube.com/channel/UCIwRDkMbHWIKud7srV7ynUQ,,,https://www.linkedin.com/feed/?trk=404_page,,,
347,"HENAN FINEWORK CRANES CO., LTD.",Китай - Zhengzhou,https://reg.iteca.kz/list/detailsfull.aspx?link=0xb6cc01308da3f249a2f367daaabdc83b,+86 371 55327600,info@fineworkcranes.com,www.fineworkcranes.com,,https://www.facebook.com/Overheadcranekits/,,+8615738863073,,https://www.linkedin.com/company/finework-cranes/mycompany/,,,+8615738863073
348,"HENAN LIMING HEAVY INDUSTRY SCIENCE & TECHNOLOGY CO.,LTD",Китай - zhengzhou,https://reg.iteca.kz/list/detailsfull.aspx?link=0x50731f443ef25d4086cae0373068813a,0086-371-67992899,kazakhstan@limingco-group.com,www.break-day.com,gxy19951005,,,+7 771 661 2588,,,,,
349,"HUNAN NEW DIAMOND CONSTRUCTION MACHINERY CO.,LTD","Китай - Yueyang, Hunan Province",https://reg.iteca.kz/list/detailsfull.aspx?link=0x93b640d85b21d14182037e1cca9856c9,+86-730-6808681,sales001@xjgdrill.com,www.xjgdrill.com,,,,+86 18390909149,,,,,
350,Х+Е ЛОГИСТИК ГМБХ,Германия - Бохум,https://reg.iteca.kz/list/detailsfull.aspx?link=0x4aae41c3e2a9bf42b7e57f1a1b996961,+4923495023742,info@helogistik.de,www.helogistik.de,,,,,,https://www.linkedin.com/company/he-logistik/mycompany/,,,
351,ХАБЕРМАНН АУРУМ ПУМПЕН ГМБХ,Германия - Бохум,https://reg.iteca.kz/list/detailsfull.aspx?link=0xce404ae971f86349a4bbe6a46084b4d7,+49 234 893 570 0,info@aurumpumpen.de,www.habermann-aurum-pumpen.de/ru,https://www.instagram.com/habermann_aurum/,https://p.facebook.com/Habermann-Aurum-Pumpen-2155263784695120/?__tn__=C-R,https://www.youtube.com/@habermannaurumpumpen,,,https://www.linkedin.com/company/habermann-aurum-pumpen/,,,
352,ХАЙТОРК,Казахстан - Алматы,https://reg.iteca.kz/list/detailsfull.aspx?link=0x2f1b6af2be442145a9d2e8cc95d2b725,8 777 237 30 30,sales@hytorc.com.kz,www.hytorc.com.kz,hytorc_kazakhstan,,,,,,,,
353,ХЁФТ ГМБХ,Германия - Торгау район Медеритч,https://reg.iteca.kz/list/detailsfull.aspx?link=0x3e5e878040ec5a4bb801b2c511ecab5b,+493421773030; +4934217730318,info@hoeftgmbh.de; aleksandr.afanasev@hoeftgmbh.de,www.hoeftgmbh.de,,https://www.facebook.com/people/H%C3%B6ft-GmbH/100067235714510/,https://www.youtube.com/user/HoeftGmbH/videos,,,,,,
354,"ХОЛДИНГ КАБЕЛЬНЫЙ АЛЬЯНС, ООО",Россия - Екатеринбург,https://reg.iteca.kz/list/detailsfull.aspx?link=0x815e8f4ac426f3de11ee1a20d5d58e95,7 343 283 33 33,hka@holdcable.com,www.holdcable.com,,,,,,,,,
355,CENERG GLOBAL TOOLS PVT LTD,Индия - Hyderabad,https://reg.iteca.kz/list/detailsfull.aspx?link=0x8fae83a3c7172843b303ca6091350422,+91 9886384848,marketing@cenerg.in,www.cenerg.in,,,,,,,,,
356,"ЦЕНТР РТИ, ООО",Россия - Казань,https://reg.iteca.kz/list/detailsfull.aspx?link=0x8160e9aa7a0cc79311ee30fab05f5c78,8-800-600-84-85; +7 965-629-39-55,info@centerrti.ru,www. centerrti.ru,,,,,,,,,
357,ЦИНИНГ ХУАДА СПЕЦТЕХНИКА,Китай - Цининг,https://reg.iteca.kz/list/detailsfull.aspx?link=0x8c237b090e491641b4b03e92ac8ead6e,+86 18605373177,komatsu.spareparts2@gmail.com,www.jnhuida.com,https://instagram.com/huidafilters?igshid=OGQ5ZDc2ODk2ZA==,https://www.facebook.com/huidafilter1,https://www.youtube.com/@danneychen3428,+8618605373177,,,,https://twitter.com/ChenDanney,
358,CHANG SHIN INTERNATIONAL,Южная Корея - Ulsan,https://reg.iteca.kz/list/detailsfull.aspx?link=0xcfe6060e7ed20a49ab6d530e2d0772d5,82 52 239 3878,csi@okcsi.com,www.okcsi.com,,,CSI Chang Shin International - YouTube,,,,,,
359,"CHENGLI SPECIAL AUTOMOBILE CO.,LTD",Китай - SUIZHOU,https://reg.iteca.kz/list/detailsfull.aspx?link=0x547294a92532164b8e60c6ca3b09c06e,0086-13872882396,elaine@chenglispecialautomobile.com.cn,www.chengligroup.en.alibaba.com,,,,+8613872882396,+8613872882396,,,,
360,ЧЕТРА,Россия - Чебоксары,https://reg.iteca.kz/list/detailsfull.aspx?link=0x81597aeea421bb3d11edc0dcc8b4d39e,+7 835 238 74 55,chetra@tplants.com,www.chetra.ru,,,https://www.youtube.com/user/CHETRAinfo,,https://t.me/chetra_prom,,ВКонтакте: https://vk.com/chetraofficial,,
361,"SHANDONG HUASHENG RUBBER CO.,LTD",Китай - DONGYING,https://reg.iteca.kz/list/detailsfull.aspx?link=0x190866d7204e3d44a4fcfba71aa64e12,+86 532 7799579,info@hscbelt.com,www.en.hstyre.com,,,,,,https://www.linkedin.com/company/82313871/admin/,,,
362,"SHENYANG YYD NEW MATERIAL CO., LTD.",Китай - SHENYANG,https://reg.iteca.kz/list/detailsfull.aspx?link=0x62b2437d9a64da4488583c356e13d40a,0086 186 9805 4679,jolly@syyongda.com &  arthur@syyongda.com,www.yydcrusher.com,conecrusherparts,,,0086-15940158848,,"shenyang YYD New Material Co.,Ltd",,"Shenyang YYD New Material Co.,Ltd",
363,ШАНХАЙ ДУНМЭН,Китай - SHANGHAI,https://reg.iteca.kz/list/detailsfull.aspx?link=0x4ec93f75f64f5c41bc42916c0520a8a2,+86-15000974609,sales030@dmluqiao.com,www.ru.dmcrushers.com,,,,8615000974609,,,,,
364,ШАНХАЙСКИЙ МАШИНОСТРОИТЕЛЬНЫЙ ЗАВОД SBM,Китай - SHANGHAI,https://reg.iteca.kz/list/detailsfull.aspx?link=0xe3b62166d169a44aa5d8d675e128d2d3,+86-21-58386189,sbm@sbmchina.com,www.sbm.kz,https://www.instagram.com/sbm_drobilki/,https://www.facebook.com/sbmdrobilka,https://www.youtube.com/channel/UCODZi6acoXcbt0nQmneh6Og,,,,,,
365,ШАНЬДУНСКИЙ ЗАВОД ГОРНОГО МАШИНОСТРОЕНИЯ СИНЬХАЙ АО,Китай - YANTAI,https://reg.iteca.kz/list/detailsfull.aspx?link=0x44f71e502fd6dd43861c0de1af8112e1,+86-13810327080,marketing@ytxinhai.com,www.miningmachines.ru,,//www.facebook.com/orebeneficiation/,,,,,,,
366,ШИЦЗЯЧЖУАНСКИЙ ЗАВОД ПО ПРОИЗВОДСТВУ ПРОМЫШЛЕННЫХ НАСОСОВ ООО,Китай - Шицзячжуанский,https://reg.iteca.kz/list/detailsfull.aspx?link=0x04d59252e8744641af1fcbaf56ad10d5,+ 86 311 806 797 12,13831108972@sgb-pump.com; 13463807661@sgb-pump.com,www.sgb-slurrypump.com,,,,,,,,,
367,ESFITECH,Эстония - Таллин,https://reg.iteca.kz/list/detailsfull.aspx?link=0x8161cef8ebd4913f11ee35026933dc98,+372 55 70 307,info@esfitech.ee,www.esfitech.com/ru,,,,,,,,,
368,"НПФ ЭРГОНОМИКА, ТОО",Казахстан - Караганда,https://reg.iteca.kz/list/detailsfull.aspx?link=0x815e8f4ac426f3de11ee1a20d5d58e7f,8 7212 91 01 01,info@ergonomika.kz,www.ergonomika.kz,,,,,,,,,
369,"ЭЗТМ, ОАО",Россия - Электросталь,https://reg.iteca.kz/list/detailsfull.aspx?link=0x8160e9aa7a0cc79311ee327b56b4a8d3,+7 496 577 75 05,eztm@eztm.ru,www.eztm.ru,,,https://www.youtube.com/c/EZTMPlantEZTM,,,,ВКонтакте: https://vk.com/id304795103,,
370,ЭКОФИЗПРИБОР НТЦ ООО,Казахстан - Жезказган,https://reg.iteca.kz/list/detailsfull.aspx?link=0x8162bd396bc9787911ee3fdb47833108,87055888980,everzx@mail.ru,,,,,87055888980,,,,,
371,"ЭКСПОРТЕР, ООО",Россия - Новосибирск,https://reg.iteca.kz/list/detailsfull.aspx?link=0x8160e9aa7a0cc79311ee30fab05f5c7a,+7 383 209 00 22,zv@tknovosib.ru,www.tkexporter.ru,,,,,,,,,
372,ЭЛКОМ ООО (TOO ESQ),Казахстан - Алматы,https://reg.iteca.kz/list/detailsfull.aspx?link=0x81597aeea421bb3d11edc0dcc8b4d3a0,+7 727 390 88 81,kz@elcomspb.ru,www.elcomspb.ru,https://instagram.com/gk_elcom,,https://www.youtube.com/ElcomNews,,https://t.me/elcomtalk,,ВКонтакте: https://vk.com/elcomspbru,,
373,"ЭМС, ООО",Россия - Лысьва,https://reg.iteca.kz/list/detailsfull.aspx?link=0x8160e9aa7a0cc79311ee3149f65f025d,+7 -34249-6-02-78; 6-60-14,ems@mkmail.ru,www.ems-lsv.ru ; www.ems-lysva.com,,,,,,,,,
374,"ЭПИРОК ЦЕНТРАЛЬНАЯ АЗИЯ, ТОО",Казахстан - Астана,https://reg.iteca.kz/list/detailsfull.aspx?link=0x81597aeea421bb3d11edc0dcc8b4d3a1,+7 7172 73 82 60,info.kz@epiroc.com,www.epiroc.com,https://www.instagram.com/epirocgroup/,https://www.facebook.com/epirocgroup/,https://www.youtube.com/channel/UCQLTt2pZVLqK1nVhjCopgeQ,,,https://www.linkedin.com/company/16268827/,,https://twitter.com/epirocgroup,
375,"ЭПОТОС, ГРУППА КОМПАНИЙ",Россия - Москва,https://reg.iteca.kz/list/detailsfull.aspx?link=0x81597aeea421bb3d11edc0dcc8b4d39c,+7 495 916 61 16,info@epotos.ru,www.epotos.ru,https://www.instagram.com/epotoss/,,,,,,ВКонтакте: https://vk.com/epotos,,
376,"ЭРГА, НПО",Россия - Калуга,https://reg.iteca.kz/list/detailsfull.aspx?link=0x81597aeea421bb3d11edc0dcc8b4d3a2,+7 4842 922 199,info@erga.ru,www.erga.ru,,,https://www.youtube.com/@npo-erga,https://wa.me/79105223065,https://t.me/ERGA_Global,https://www.linkedin.com/company/erga-global/,,,
377,ЭСКО САПЛАЙ ЭНД СЕРВИС КАЗАХСТАН,Казахстан - Алматы,https://reg.iteca.kz/list/detailsfull.aspx?link=0x3ac6516e02566148b5c602b5c75debff,+7 727 344 95 56,daniyar.tukubaev@mail.weir,www.esco.weir,,,https://www.youtube.com/watch?v=mE-zIKxxoN8,,,,,,
378,UNIVERSAL MACHINERY GROUP ТОО,Казахстан - Алматы,https://reg.iteca.kz/list/detailsfull.aspx?link=0x81597aeea421bb3d11edc0183f4ab407,,sales@umgtech.kz,www.umgtech.kz,https://www.instagram.com/universal_machinery_group/?hl=ru,,https://www.youtube.com/channel/UCJsS-wkmas_y79_r5g-Fl-A,+77717665707,https://t.me/universalmachinerygroupe,,,,
379,"ЮУВЗ, ООО","Россия - Республика Башкортостан, г. Уфа",https://reg.iteca.kz/list/detailsfull.aspx?link=0x8160e9aa7a0cc79311ee30fab05f5c7e,8 34792 4 70 97,"zavod@uuvz.ru, ptm70@mail.ru, efremova@uuvz.ru",www.uuvz.ru,,,,,,,,,
