id,Title,Country-City,url,Phone,Email,Website,Instagram,Facebook,Telegram,WhatsApp,Viber,Linkedin,YouTube,Twitter,Vkontakte
1,A.T. TRADING SP. Z O.O.,Poland - Zbuczyn,https://reg.iteca.kz/list/en/detailsfull.aspx?link=0x95a3bfb27f63ec4c8d45bc1d3dc2dea7,+48512949778,adrian@attrading.eu,www.attrading.eu,at.trading,Attrading Firma Transportowa,+48 512 949 778,+48 512 949 778,+48 512 949 778,,,,
2,"ADY EXPRESS, LLC",Azerbaijan - Baku,https://reg.iteca.kz/list/en/detailsfull.aspx?link=0xd8f39e3321fa064d98d548f4c4212df4,+99412 599 66 76,ilham.abdulov@adyexpress.az,www.adyexpress.az,https://www.instagram.com/adyexpress.az/,https://www.facebook.com/adyexpress,,,,https://www.linkedin.com/company/7954161,https://www.youtube.com/channel/UCGDZ_zk3XerreZCnREl4X6A,https://twitter.com/AdyExpress,
3,AIR ASTANA,Kazakhstan - Almaty,https://reg.iteca.kz/list/en/detailsfull.aspx?link=0xb0f8754e7f0cba48a2f04d6b8b88fd87,+7 727 356 09 50,cargo@airastana.com,www.airastana.com,Air Astana,Air Astana,Air Astana,Air Astana,Air Astana,Air Astana,Air Astana,airastana,
4,"AKTAU MARINE NORTH TERMINAL, LLP",Kazakhstan - Aktau,https://reg.iteca.kz/list/en/detailsfull.aspx?link=0x3a348ee927300a44889e0d8a505fed00,+7 (7292) 203878,office@amnt.kz,www.amnt.kz,,https://www.facebook.com/amnt.kz,,,,,,,
5,"ALLIANCE LOGISTICS, LLC",Azerbaijan - Baku,https://reg.iteca.kz/list/en/detailsfull.aspx?link=0x197a61109caa0345a9efd26d532bfa23,+994125991139,"office@alliance.net, info@alliance.net",www.alliance.net,,,,,,,,,
6,ALLIANCE MULTIMODAL,Azerbaijan - Baku,https://reg.iteca.kz/list/en/detailsfull.aspx?link=0x2e4d14516554e748a829c8d0e27ffa47,+994 12 599 11 39,,www.alliance.net,,,,,,,,,
7,"ALMATY CONSOLIDATION CENTER, LLP",Kazakhstan - Almaty,https://reg.iteca.kz/list/en/detailsfull.aspx?link=0xbc84a69549999b4485034967de007b98,+7 700 029 29 58,project@consolidation.kz,www.consolidation.kz,www.instagram.com/almatyconsolidation,,,,,www.linkedin.com/company/94231905,,,
8,"ALMATY INTERNATIONAL AIRPORT, JSC",Kazakhstan - Almaty,https://reg.iteca.kz/list/en/detailsfull.aspx?link=0x90824cc07a9ce145aada961714470ae8,+7 (727) 388 30 91,info_ala@tav.aero,www.alaport.com,https://www.instagram.com/almatyinternationalairport/,https://www.facebook.com/alaportofficial,,,,https://www.linkedin.com/in/almaty-airport/,,,
9,"ANGAT, LLP",Kazakhstan - Almaty,https://reg.iteca.kz/list/en/detailsfull.aspx?link=0x5a9031131344a341a893c0b2b06d0f6d,8727-220-93-30,info@angat.kz,www.angat.kz,too_angat,,,,,,,,
10,APS,Kazakhstan - Almaty,https://reg.iteca.kz/list/en/detailsfull.aspx?link=0x6a22dce66eb7654fbbbb806b6f1019d0,+77059818527,sveiko.alexandr@aps-solver.com,,,,,,,,,,
11,ARIJUS UAB,Lithuania - Klaipeda,https://reg.iteca.kz/list/en/detailsfull.aspx?link=0xd16edb8dfbfcf44e987485d833194e93,+37046310547,info@arijus.lt,www.arijus.com,https://www.instagram.com/arijus_group/,https://www.facebook.com/Arijusuab/,,,,https://www.linkedin.com/company/uab-arijus/,,,
12,"ARLAN TRANS, LLP",Kazakhstan - Almaty,https://reg.iteca.kz/list/en/detailsfull.aspx?link=0x84f4e85fdf4f7c4182e82ba65d8375ec,+77273560518,info@arlantrans.kz,www.arlantrans.kz,,,,,,,,,
13,"ASIA KS, LLP",Kazakhstan - Almaty,https://reg.iteca.kz/list/en/detailsfull.aspx?link=0xf62c3503a130a345b2d9057241f99c98,+7 7785245895,zam@komplektsib.ru,,,,,,,,,,
14,ASSOCIATION OF INDIVIDUAL ENTREPRENEURS AND LEGAL ENTITIES IN THE FORM OF THE UNION «UNION OF AUTOMOBILE CARRIERS AND FREIGHT FORWARDERS OF KAZAKHSTAN»,Kazakhstan - Almaty,https://reg.iteca.kz/list/en/detailsfull.aspx?link=0x3f2db1b5375a4c4cabda97b035382673,+7 727 225 22 30,sapek.kz2023@gmail.com,www.sapec.kz,@sapek.kz,,,+7 701306 9316,,,@sapek_asia,,
15,ASSOCIATION OF NATIONAL EXPEDITORS OF THE REPUBLIC OF KAZAKHSTAN,Kazakhstan - Almaty,https://reg.iteca.kz/list/en/detailsfull.aspx?link=0xb28412bf9d369049abc2bdf4364d06d1,+77272610138,info@kffanek.kz,www.kffanek.kz,,,,,,,,,
16,ASSTRA ASSOCIATED TRAFFIC AG,Kazakhstan - Almaty,https://reg.iteca.kz/list/en/detailsfull.aspx?link=0xc5e422f38450d348956481eaeb3a5987,+7 727 339 50 05,almaty@asstra.com,www.asstra.kz,https://www.instagram.com/asstra_associated_traffic_ag/,https://facebook.com/asstracom/,,,,https://www.linkedin.com/company/asstra-ag,https://www.youtube.com/user/asstracompany,,
17,ASTYK TRANS JSC,Kazakhstan - Astana,https://reg.iteca.kz/list/en/detailsfull.aspx?link=0x024b2dfc9d87c3419fabbcd0d86a31af,"+7-( 7172 )-72 99 07, +7-( 7172 )-24 85 80",info@astyktrans.com,www.astyktrans.kz,,,,,,,,,
18,"ATASU GROUP, LLP",Kazakhstan - Almaty,https://reg.iteca.kz/list/en/detailsfull.aspx?link=0xf7c8a74d7a3db84ab2e5494de0848398,8 (7272) 20 75 75,info@atasugroup.com,www.atasu.kz,https://instagram.com/atasu_group?igshid=MzRlODBiNWFlZA==,https://www.facebook.com/atasugroup/,,+77010818662,,https://www.linkedin.com/company/atasu-group/mycompany/,https://www.youtube.com/channel/UCQLdXZEizRFvf3g293NUSLg,,
19,ATI.SU FREIGHT EXCHANGE,Kazakhstan - Almaty,https://reg.iteca.kz/list/en/detailsfull.aspx?link=0x0ab4b1d35a313144a10228160c3fd2da,+7 (727) 327-08-41,renata.z@ati.su,www.ati.su,https://www.instagram.com/birzha_ati.su_asia,https://www.facebook.com/profile.php?id=100089842205475,https://t.me/birzha_atisu,,,,https://www.youtube.com/@ati_su,,VK: https://vk.com/ati_su_aziya
20,ATVLOGISTIC LLP,Kazakhstan - Almaty,https://reg.iteca.kz/list/en/detailsfull.aspx?link=0xa197d50c6c7f7141bd17045ca3750f7a,"+7 (727) 3450561, +7 777 8226628",kaz@atvl.kz,www.atvl.kz,,,,+7 777 822 6628,,,,,
21,AUTARE JSC,Lithuania - Vilnius,https://reg.iteca.kz/list/en/detailsfull.aspx?link=0xf026e79269dcae48a4f54e7b5f77c70e,+37061144772,juste@autare.lt,www.autare.lt,,,,,,,,,
22,AXELOT,Russia - Moscow,https://reg.iteca.kz/list/en/detailsfull.aspx?link=0x5283e766207a744cbfbd0080a004cd19,+7 (495) 9612609,info@axelot.ru,www.axelot.ru,,https://www.facebook.com/AXELOT.Company,https://t.me/axelot_ru,,,https://www.linkedin.com/company/9703746,https://www.youtube.com/user/AXELOTvideo,,VK: https://vk.com/axelotofficial
23,"AZLOGISTA, LLC",Azerbaijan - Baku,https://reg.iteca.kz/list/en/detailsfull.aspx?link=0x198664f0a1cc514ab6a34218506b02dc,+994 55 840 38 64,sales2@azlogista.az,www.azlogista.az,,,,,,,,,
24,"ALFERT, LLC",Kazakhstan - Алматы,https://reg.iteca.kz/list/en/detailsfull.aspx?link=0xe055575d47a73e4883fedea560b9e186,+77772104974,asya@alfert.kz,www.alfert.kz,alfert.kz,alfert.kz,,+7 771 780 2550,,alfert.kz,,,
25,BALTFORWARD,Estonia - Maardu,https://reg.iteca.kz/list/en/detailsfull.aspx?link=0xc12c968963df22469a24b7b2ceed7331,+372 6 210 300,info@baltforward.eu,www.baltforward.eu,,,,,,,,,
26,BALTIC CARGO AGENT,Lithuania - Klaipeda,https://reg.iteca.kz/list/en/detailsfull.aspx?link=0xf2c300cf0b52d843b2d35edc89142068,+370 6 209 0027,info@bca.lt,www.bca.lt,,,,,,,,,
27,BAT EXPORT LLP,Kazakhstan - Astana,https://reg.iteca.kz/list/en/detailsfull.aspx?link=0x5c14aa1f3affbb44b3c6b907a02ac09e,+7 771 8600677,info@bat-export.com,,,,,,,,,,
28,BEHINEH TARABAR AZHOUR,Iran - Tehran,https://reg.iteca.kz/list/en/detailsfull.aspx?link=0xf068d6387ecc63428f08f4c21f76cdce,+98 21 88757804; +98 9128407699; +98 9128231844,Azhour.bt@gmail.com,www.btarai.com,,,,,,,,,
29,BEIJING TRANS EURASIA INTERNATIONAL LOGISTICS LTD,China - Beijing,https://reg.iteca.kz/list/en/detailsfull.aspx?link=0x584fe43f430b324c8ece7c9e172e394b,86-010-5166 0681,jinn@trans-euraisa.com,www.trans-eurasia.com,,,,,,https://www.linkedin.com/company/beijing-trans-eurasia-international-logistics-co-ltd/mycompany/,,,
30,BELARUSIAN RAILWAY,Belarus - Minsk,https://reg.iteca.kz/list/en/detailsfull.aspx?link=0x9440489b9e944044ab2fd6587bbe5fd2,"+375 (17) 225-92-24, +375 (17) 225-04-16",container@rw.by,www.rw.by,,,,,,,,,
31,BELINTERTRANS-GERMANY GMBH,Germany - Friedrichsdorf,https://reg.iteca.kz/list/en/detailsfull.aspx?link=0x8bd9f681016d614f8223363c514afe52,+49 6172 / 98 19 18 2,info@belint.de,www.belint.de,,,,,,,,,
32,"BIRLIK KERUEN, INTERNATIONAL LOGISTICS COMPANY",Kazakhstan - Almaty,https://reg.iteca.kz/list/en/detailsfull.aspx?link=0x48ba2fc6456af94ba92a9b96de0728c6,+77472960529,birlikkeruen@gmail.com,www.birlikkeruen.kz,,,,+7 777 066 6069,,,,,
33,"BUNASTA, UAB",Lithuania - Vilnius,https://reg.iteca.kz/list/en/detailsfull.aspx?link=0x26dd21910d64b148945157c907db6958,+370 658 82272,info@bunasta.eu,www.bunasta.eu,,https://www.facebook.com/Bunasta,,,,https://www.linkedin.com/company/bunasta/,,,
34,CAMEL ALLIANCE INTERNATIONAL LOGISTICS LIMITED,China - Shenzhen,https://reg.iteca.kz/list/en/detailsfull.aspx?link=0x6129b15ab3cd3948a1bd2321908daabd,(+86)17545546076,anton@camelalliance.com,www.camelalliance.com,,,,(+86)17545546076,,,,,
35,CARAVAN LOGISTICS,Kyrgyzstan - Bishkek,https://reg.iteca.kz/list/en/detailsfull.aspx?link=0xd389acf62f073e4998a5320847dcdd82,+996 555 113 333,info@caravan-logistics.com,www.caravan-logistics.com,,,,,,,,,
36,CF&S ESTONIA,Estonia - Tallinn,https://reg.iteca.kz/list/en/detailsfull.aspx?link=0x75cab869bc74df40a4ff4c94bb1cf8e4,+3726664400,cfs@cfs.ee,www.cfs.ee,https://www.instagram.com/cfs_logistics_group/,https://www.facebook.com/cfslogistics,,,,https://www.linkedin.com/company/3492083/admin/feed/posts/,https://www.youtube.com/@cfsgroup7763/videos,,
37,"CHINESE SHI XIN SMART LOGISTICS CO., LTD",Russia - Moscow,https://reg.iteca.kz/list/en/detailsfull.aspx?link=0x046dc0010000cf4996e38861dc59b519,+7 964 595-49-38,,www.china-logistika.ru,,,,,,,,,
38,CITY UNION LOGISTICS,China - Shanghai,https://reg.iteca.kz/list/en/detailsfull.aspx?link=0xe9e68c7e56959946a14ce9163786f473,+86-021-51186967,,,,,,,,,,,
39,"CONTI-FAR LOGISTICS CO.,LIMITED",China - Shenzhen,https://reg.iteca.kz/list/en/detailsfull.aspx?link=0x7ffa71b886cb2e4d886b740b4ac3a91c,075589379122,leon@contifar.com;alina@contifar.com,www.contifar.com,,,,+8613823278065;+8613590123605,,,,,
40,"COTTON LOGISTICS, LLC",Uzbekistan - Tashkent,https://reg.iteca.kz/list/en/detailsfull.aspx?link=0x97d9ff7e779adb4eac15f7fba8c5727d,+998 71 2077017,info@cotton-logistics.com,,,,,,,,,,
41,CREAFIN ESTONIA,Estonia - Tallinn,https://reg.iteca.kz/list/en/detailsfull.aspx?link=0x3dadeb6807c9b541a4ca46e034f20a9c,+372 6069180,maksimov@creafin.eu,www.creafin.eu,,,,,,,,,
42,CTM LLC,Russia - Saint Petersburg,https://reg.iteca.kz/list/en/detailsfull.aspx?link=0xfcd21b65362e1f41a4bb9c6b05cef3fe,+7 (812) 325-97-47,info@ctm.ru,www.ctm.ru,,,,,,,,,VK: https://vk.com/ctm_ru
43,"DAOBIT, LLC",Russia - Saint Petersburg,https://reg.iteca.kz/list/en/detailsfull.aspx?link=0xf7af35d3ae27834599d4f6da4ff3a7ce,-,,,,,,,,,,,
44,DATALOGIC,Italy - Bologna,https://reg.iteca.kz/list/en/detailsfull.aspx?link=0x0ee35b154b015147a281693b11bece33,"+39 051 3147 274, Mоб: +39 342 929 2216",Yuliya.Kraeva@datalogic.com,www.datalogic.com,https://www.instagram.com/datalogicgroup,https://www.facebook.com/DatalogicGroup,,,,,https://www.youtube.com/user/DatalogicGroup,https://twitter.com/DatalogicGroup,
45,DB CARGO EURASIA GMBH,Germany - Berlin,https://reg.iteca.kz/list/en/detailsfull.aspx?link=0x60ab02a187400d4e9c844b65d5bed6a2,+49 30 297-54804,svetlana.rudakova@railion.ru,www.eurasia.dbcargo.com,,,,,,,,,
46,DELAMODE BALTICS,Lithuania - Vilnius,https://reg.iteca.kz/list/en/detailsfull.aspx?link=0x6d1631b930149d458b9e3b2b49760a04,+370 6 188 2931,info.lt@delamode-group.com,www.delamode-baltics.com,www.instagram.com/delamodebaltics/,www.facebook.com/Delamode.Baltics,,,,www.linkedin.com/company/delamode-baltics,www.youtube.com/@delamodebaltics_official,,
47,DESTAN HEAVY TRANSPORT & LOGISTICS,Turkey - Istambul,https://reg.iteca.kz/list/en/detailsfull.aspx?link=0x47e596aadc76fb4a88daed5bb7250440,(+90) 444 4 008,rboz@destantransport.com,www.destantransport.com,https://www.instagram.com/destanheavy/,https://tr-tr.facebook.com/people/Destan-Transport-lojistik/100063753301698/,,,,https://tr.linkedin.com/company/destan-tr,,,
48,"DLG, JSC",Lithuania - Vilnius,https://reg.iteca.kz/list/en/detailsfull.aspx?link=0x840639bf26022245a9560d2ab37ddf8e,+370 5 2320000,info@dlg.lt,www.dlg.lt,,DLG - Logistics Group,,,,DLG Logistics Group,,,
49,"DONGGUAN CHIYU SUPPLY CHAIN CO., LTD",China - Dongguan,https://reg.iteca.kz/list/en/detailsfull.aspx?link=0xeca925017bf1bd47935f4a40f5d45add,+86-0755-86199305,marketing@vasttalogistics.com,www.vasttalogistics.com,,,,+8618938649453,,,,,
50,"EAGLEWAY, LLC",Kazakhstan - Astana,https://reg.iteca.kz/list/en/detailsfull.aspx?link=0xde320c430965f14d8f007cced63a726e,+77089130403,info@eagleway888.com,www.eagleway888.com,eagleway_888,,+770848467881,+77089130403,,,@eaglewaycargo1252,,
51,EASTCOMTRANS LLP,Kazakhstan - Almaty,https://reg.iteca.kz/list/en/detailsfull.aspx?link=0x4143fbe9161bdd478919d6d5c5e92c70,+ 7 (727) 355-51-11,eastcom@ect.kz,www.ect.kz,https://www.instagram.com/eastcomtrans/,https://www.facebook.com/EASTCOMTRANS-110410241234404,https://t.me/eastcomtrans,,,,,,
52,"EMEX, LLP",Kazakhstan - Almaty,https://reg.iteca.kz/list/en/detailsfull.aspx?link=0xa23bb682d0609b4890f75d4bc199e9de,+77273563800,info@emexnet.com,www.emex-global.com,https://www.instagram.com/emexkz,https://www.facebook.com/emex.kz.company,https://t.me/EMEX_express_bot,,,,,,
53,ESTONIAN RAILWAYS LTD,Estonia - Tallinn,https://reg.iteca.kz/list/en/detailsfull.aspx?link=0x250f9a377a82aa4e97068c304d5e814c,+3725076401,mart.haugas@evr.ee,www.evr.ee,,,,,,,,,
54,ESTONIAN STAND,Estonia - Tallinn,https://reg.iteca.kz/list/en/detailsfull.aspx?link=0x5a2b63613c1ec043ba054b3477a1b812,+3725058439,bmc@bmc.ee,www.transit.ee,,,,,,,,,
55,"EUROTRANS GROUP, LLP",Kazakhstan - Astana,https://reg.iteca.kz/list/en/detailsfull.aspx?link=0x723a91f7cc433a4e9911ede66601fca4,+7 717 2 573 888,info@eurotrans.kz,www.eurotrans.kz,etg_capital,ЕТГ Капитал,,,,,ЕТГ КАПИТАЛ,,
56,"EXDEL, LLP",Kazakhstan - Aktau,https://reg.iteca.kz/list/en/detailsfull.aspx?link=0xdc4728f96aa61d40b70dec4c9f18a37c,+7 7292 544-500,info@exdel.kz,www.exdel.kz,https://www.instagram.com/exdel_kz/,https://www.facebook.com/exdel.kz,,+77712217921,,https://www.linkedin.com/company/42681279/admin/feed/posts/,https://www.youtube.com/@bereketshamov7147,,
57,FESCO,Russia - Moscow,https://reg.iteca.kz/list/en/detailsfull.aspx?link=0x38059db6ad02da439ccf892b2d5ece0b,+7(901)7695980,fesco@fesco.com,www.fesco.ru,,,https://t.me/tg_fesco,,,,,,VK: https://vk.com/tgfesco
58,FINNHUB FINLAND,Finland - Kotka,https://reg.iteca.kz/list/en/detailsfull.aspx?link=0xb868ac0821b61146ab652661c76dac25,+358400866534,info@finnhub.fi,www.finnhub.fi,finnhub_ry,Finnhub,,,,Finnhub ry,,@finnhub_ry,
59,"FIRST DRY PORT TERMINAL, LLC",Uzbekistan - Tashkent,https://reg.iteca.kz/list/en/detailsfull.aspx?link=0xcd9f89094c1b26468f24374cb13ef5a4,+998712032322,container@fdp.team,www.fdp.team,,,,,,,,,
60,"FIRST MULTIMODAL COMPANY, LLP",Kazakhstan - Astana,https://reg.iteca.kz/list/en/detailsfull.aspx?link=0x056ac28a97944c4db1ecbe23775dac20,+997 7 7172 611 630,info@1mc.kz,www.1mc.kz,,,,,,,,,
61,"FM LOGISTIC, LLP",Kazakhstan - Almaty,https://reg.iteca.kz/list/en/detailsfull.aspx?link=0x540855ad269fd74e8a86227e3f2515c1,+7 (727) 325-77-67,ybelousov@fmlogistic.com,www.fmlogistic.com,,,,,,,,,
62,FREEPORT OF RIGA,Latvia - Riga,https://reg.iteca.kz/list/en/detailsfull.aspx?link=0xcc630b3d8ed235468ade55131ab67161,+371 67030800,info@rop.lv,www.rop.lv,,,,,,,,,
63,FREEPORT OF VENTSPILS,Latvia - Ventspils,https://reg.iteca.kz/list/en/detailsfull.aspx?link=0xb296ee15e7b6b441b8a0fcafcd0e84c3,+371 636 22586,marketing@portofventspils.lv,www.portofventspils.lv,,,,,,,,,
64,"FREIGHT ONE, JSC",Russia - Moscow,https://reg.iteca.kz/list/en/detailsfull.aspx?link=0xb96e2e20c3cca642a4976f60ea203f3d,8-800-775-16-16,office@pgk.ru,www.pgk.ru,,,,,,https://ru.linkedin.com/company/pgkcom,https://www.youtube.com/channel/UCKl5laYgTAxEyN_qUgs0UzA,,VK: https://vk.com/pgk_ru
65,"GARANT RM, LLC",Kazakhstan - Almaty,https://reg.iteca.kz/list/en/detailsfull.aspx?link=0xfc422761a44e854e90f5e6d5c63c3783,+7-727-313-15-07,info@garant-rm.kz,www.project7311935.tilda.ws,,,,+7-771-747-10-91,,,,,
66,GEVARA UAB,Lithuania - Vilnius,https://reg.iteca.kz/list/en/detailsfull.aspx?link=0x45a28e6365b65442927fac111c81f4d0,+37068888688,hello@gevara.lt,www.gevara.lt,@gevara_ltd,https://www.facebook.com/gevaratransport/,,,,https://www.linkedin.com/company/gevara-transport-logistics/,https://www.youtube.com/channel/UCJCWZeoACjqQQ4OSIyE7VQQ,,
67,"GLOBAL BRIDGE, LLP",Kazakhstan - Almaty,https://reg.iteca.kz/list/en/detailsfull.aspx?link=0x2a118efbcb306d49b5ccc043a001e500,8 (705) 148 5187,z.satbayeva@gb.com.kz,www.globalbridge.kz,globalbridge.kz,,,8 705 148 51 87,,,,,
68,"GLOBAL LINK LOGISTICS.,LTD",China - ShenZhen,https://reg.iteca.kz/list/en/detailsfull.aspx?link=0x144b1a433197fe4a976672b95cf54806,+86 755 82147490,Jary@globallink.cn,www.globallink.cn,,,,,,,,,
69,GLOBALINK LOGISTICS,Kazakhstan - Almaty,https://reg.iteca.kz/list/en/detailsfull.aspx?link=0x2333e8a20e9c8641baa2c50962580d97,+77272588880,sales@globalinklogistics.com,www.globalinklogistics.com,https://www.instagram.com/globalinklogistics/,https://www.facebook.com/GlobalinkLogistics,,+7 771 191 7798,,https://www.linkedin.com/company/globalink/,https://www.youtube.com/channel/UCf9BQMacGEPbZMGiDiJgpUA,,
70,GLS TRANSPORT,Kazakhstan - Almaty,https://reg.iteca.kz/list/en/detailsfull.aspx?link=0x060b92825e929e4eb762ab9a467cfbc7,+77761038555,info@glstransport.kz,www.glstransport.kz,gls_transport,,+77761038555,+77761038555,,,,,
71,GOFORWARD LTD,Estonia - Tallinn,https://reg.iteca.kz/list/en/detailsfull.aspx?link=0x7324a73a5c3e8f45a6eff7b46042cec3,+37256238844,goforward@go.ee,www.goforward.ee,,,,,,,,,
72,GOMEL CARRIAGE WORKS CJSC,Belarus - Gomel,https://reg.iteca.kz/list/en/detailsfull.aspx?link=0x361069beeceff7499475f53fca8592f4,+375232337032,omom2008@mail.ru,www.vsz.gomel.by,,,,,,,,,
73,"GPL KAZAKHSTAN, LLP",Kazakhstan - Almaty,https://reg.iteca.kz/list/en/detailsfull.aspx?link=0x92c30c7fde99494381974382ed3b5f63,+7 (727) 972-36-16,sales@gpl.kz,www.gpl.kz,@gpl_kazakhstan,https://www.facebook.com/profile.php?id=100078027083822&mibextid=LQQJ4d,+77717651966,+77717651966,,https://www.linkedin.com/company/gpl-kazakhstan/,,,
74,"GRADALOGISTIC, FOREIGN TRANSPORT UNITARY ENTERPRISE",Belarus - Minsk,https://reg.iteca.kz/list/en/detailsfull.aspx?link=0x04eb5ca8848f8d47b017bde0e9d8dd6d,8(017)306-08-22,office@gradalogistic.by,www.gradalogistic.by,,,,,,,,,
75,"GREENLIGHTS, LLP",Kazakhstan - Almaty,https://reg.iteca.kz/list/en/detailsfull.aspx?link=0x5cc73010b4e23d42b8d68cfb3920f97c,+77018748886,fin@greenlights.kz,www.greenlights.kz,@greenlights.kz,@greenlights.kz,,+77018748886,,LLP Greenlights,,,
76,GURKAN NAKLIYAT,Turkey - Kocaeli,https://reg.iteca.kz/list/en/detailsfull.aspx?link=0x6af16ab89dd30849a274331d43a41427,+90 262 724 90 11,gurkan@gurkannakliyat.com.tr,www.gurkannakliyat.com.tr,,,,,,,,,
77,"HAZAR YOL, IE",Turkmenistan - Ashgabat,https://reg.iteca.kz/list/en/detailsfull.aspx?link=0x57ce28a22658f441a61cdc1501fb7fa7,+99312754516,info@hazaryol.tm,www.hazaryol.tm,,,,,,,,,
78,HEGELMANN GROUP,Lithuania - Kaunas,https://reg.iteca.kz/list/en/detailsfull.aspx?link=0x9250a064f112a649a0f5edd3df7d8548,"+37037788600, +37068119677",info.lt@hegelmann.com,www.hegelmann.com,https://www.instagram.com/hegelmann.lithuania/,https://www.facebook.com/HegelmannGroup,,+37068119677,+37068119677,https://www.linkedin.com/company/hegelmanngroup,https://www.youtube.com/c/HegelmannGroupTV/videos,,
79,HHLA PROJECT LOGISTICS KAZAKHSTAN,Kazakhstan - Almaty,https://reg.iteca.kz/list/en/detailsfull.aspx?link=0x980474ea9898b84d9faacb54cc50f5c8,+77051131372 / +77767418492,vincent.hascoet@hhla.ge / Daulet.kakim@hhla.kz,www.hhla.de,,,,,,,,,
80,HHLA TK ESTONIA AS,Estonia - Tallinn,https://reg.iteca.kz/list/en/detailsfull.aspx?link=0xb03b61340403c24bbafe72b46c269509,+372 6319205,tk@hhla-tk.ee,www.hhla-tk.ee,,,,,,,,,
81,I1 CONSULTING,Kazakhstan - Astana,https://reg.iteca.kz/list/en/detailsfull.aspx?link=0xf8be696fa8681a4eb50322a3197c3975,+7-(708)-113-21-02,info@i1cons.com,www.i1.consulting,,,,,,https://www.linkedin.com/company/i1-consulting/,https://www.youtube.com/@ITVectura,,
82,"IFC COLOS, LLP",Kazakhstan - Almaty,https://reg.iteca.kz/list/en/detailsfull.aspx?link=0xbc6d17c4bd50c5469bb492ad0de905dd,+7 (727) 331 18 18,info@colos.kz,www.colos.kz,,,,,,,,,
83,"INFINITY GROUP SERVICE, LLP",Kazakhstan - Almaty,https://reg.iteca.kz/list/en/detailsfull.aspx?link=0x552637ca0d1666469eeefd9bb026927d,+7 705 489 99 98,gm@infinityinc.ru,www.infinityinc.net,,,,,,,,,
84,"INTERRAIL KAZAKHSTAN, LLP",Kazakhstan - Almaty,https://reg.iteca.kz/list/en/detailsfull.aspx?link=0x2afceefa4ca64740ad5dc0b5da9fc6ad,+7 701 948 00 58,"vitalina.bakbergenova@interrail.kz, Adilbek.Menjanov@interrail.kz, Bekzat.Madiyarova@interrail.kz",www.interrail.ag,,,,+7 701 948 00 58,,,,,
85,ISCO LOGISTICS,Kyrgyzstan - Bishkek,https://reg.iteca.kz/list/en/detailsfull.aspx?link=0xb71f3efb4986e942922dff2aef43ec1a,+996559330009,iscokg@inbox.ru,,isco.logistics,isco.logistics,http://isco-logistics.com/,+996 505156 000. +996 558 156 000.,нет,http://isco-logistics.com/,https://www.youtube.com/watch?v=pJZkhEDNzk4&t=34s,нет,VK: нет
86,"JET LOGISTIC, LLP",Kazakhstan - Astana,https://reg.iteca.kz/list/en/detailsfull.aspx?link=0x9cfce3959415a84d96229fe8c869ab46,+7 775 007 4212,info@jetlogistic.kz,www.jet.com.kz,https://www.instagram.com/jet.logistic/,https://www.facebook.com/jetlogistic.kz,,+77057077780,,,,,
87,"JIANGSU UNI-BENEFIT INT’L LOGISTICS CO., LTD",China - Lianyungang,https://reg.iteca.kz/list/en/detailsfull.aspx?link=0xc26f4dcbec2e7b41b4daf688f4c2621a,+86-518-82318296,lijing@jstywl.com,www.jstywl.com,,,,,,,,,
88,"JUST SUPPLY CHAIN SERVICE (SHENZHEN) CO.,LTD",China - Shenzhen,https://reg.iteca.kz/list/en/detailsfull.aspx?link=0x119bedce9afd61408eb0d497d5380a9a,+86-0755-85264606,sales04@justsupply.com.cn,www.justsupply.com.cn,,,,,,,,,
89,KAYRA LOGISTIK VE DIS TICARET,Kazakhstan - Almaty,https://reg.iteca.kz/list/en/detailsfull.aspx?link=0x0dfdb14c2da6784ca9a6679ad826f191,+77025724701,"kayra@kayralojistik.com, firuza@kayralojistik.com",www.kayralojistik.com,kayralojistik,,,+7025724701,,https://www.linkedin.com/in/ruhan-ekin-kayra-logistics-81668a169,,,
90,"KAZAERONAVIGATSIA, RSE",Kazakhstan - Astana,https://reg.iteca.kz/list/en/detailsfull.aspx?link=0x27758fc4ab6dea40a732d18498308f1e,+7 (7172) 70-42-76,office@ans.kz,www.ans.kz,,,,,,,,,
91,KAZAKHSTAN ASSOCIATION OF CARRIERS AND ОPERATORS OF WAGONS (CONTAINERS) (KAZACO),Kazakhstan - Almaty,https://reg.iteca.kz/list/en/detailsfull.aspx?link=0x3e3bc8b2f80f1541acec7029c2a9a7a9,"+7 727 2610138, +7 727 2610295",kazapo_2004@inbox.ru,www.kazapo.kz,-,-,-,-,-,-,-,-,VK: -
92,KAZLOGISTIC SOLUTIONS LLP,Kazakhstan - Almaty,https://reg.iteca.kz/list/en/detailsfull.aspx?link=0x7abc2f3db0dd7749aa345e172fa87812,+7 (727) 3566868,info@forwarder.kz,www.cls-international.com,cls_international_group,CLS International,,,,CLS International,,,
93,"KAZMORTRANFLOT NMSC, LLP",Kazakhstan - Aktau,https://reg.iteca.kz/list/en/detailsfull.aspx?link=0x3eaf8693439ddd41b3e9f11b1e245f61,+7 7292 535 908,info@kmtf.kmg.kz; cd@kmtf.kmg.kz,www.kmtf.kz,kazmortransflot,,,,,,,,
94,"KAZTEMIRTRANS, JSC",Kazakhstan - Астана,https://reg.iteca.kz/list/en/detailsfull.aspx?link=0x9a3b8a6197c41b48b17adbd5c84b8f19,87716660793,Zarina_si@mail.ru,www.kffanek.kz,,,,,,,,,
95,"KEDENTRANSSERVICE, JSC",Kazakhstan - Astana,https://reg.iteca.kz/list/en/detailsfull.aspx?link=0xa92b37507738274ba3b49a1f79e0fffb,+77172942626,kense@kdts.kz,www.kdts.kz,,https://www.facebook.com/Kedentransservice.kz,@ao_kdts_bot,,,,https://www.youtube.com/watch?v=KmcNHqjOVWw,,
96,"KIТ.ТК, LLC",Russia - Ekaterinburg,https://reg.iteca.kz/list/en/detailsfull.aspx?link=0x7fba2bd7af51e34c8a8afd676de96fdd,"8 (800) 234 59 60, 8 (7172) 72-77-04",sales@tk-kit.com,www.tk-kit.com,,,https://t.me/TK_KIT_bot,/79122687795,,,,,VK: https://vk.com/tkkitcom
97,KLAIPEDA PORT,Lithuania - Klaipeda,https://reg.iteca.kz/list/en/detailsfull.aspx?link=0x344958e0934f1347a27e6bbdc324dbf0,+37046 499 799,info@port.lt,www.portofklaipeda.lt,,https://www.facebook.com/port.lt/?locale=lt_LT,,,,,,,
98,KTZ EXPRESS JSC,Kazakhstan - Astana,https://reg.iteca.kz/list/en/detailsfull.aspx?link=0x35735e1205a3be4ea68c3e6747dd1a1e,+7 771 083 87 60,express@ktze.online ; kense@ktze.kz,www.ktze.kz,ktz_express,ktzeofficial,,+7 771 083 8760,,KTZ Express,,,
99,"KTZE KHORGOS GATEWAY, LLP","Kazakhstan - Penjim village, Zhetysu region",https://reg.iteca.kz/list/en/detailsfull.aspx?link=0x0f2e256922112643b8cc9b335fa810ee,8 727 349 54 08,info@khorgosgateway.kz,www.khorgosgateway.kz,khorgosgateway,KhorgosGateway,,,,,,,
100,"KTZ-FREIGHT TRANSPORTATION, JSC",Kazakhstan - Astana,https://reg.iteca.kz/list/en/detailsfull.aspx?link=0x0d4a0ca11f2d5749af757fe284c41768,8 (7172) 60-30-30,ktzh_gp@railways.kz,www.ktzh-gp.kz,,,,,,,,,
101,"LATVIAN RAILWAY, SJSC",Latvia - Riga,https://reg.iteca.kz/list/en/detailsfull.aspx?link=0xb025e8db1ce86f43930a17172ab06f2d,+371 6723 1181,info@ldz.lv,www.ldz.lv,,,,,,,,,
102,LIEPAJA SPECIAL ECONOMIC ZONE,Latvia - Liepaja,https://reg.iteca.kz/list/en/detailsfull.aspx?link=0x2e366f83a523324298b84e8ac066a1c4,+371 6342 7605,lsez@lsez.lv,www.liepaja-sez.lv,,,,,,,,,
103,"LIGHT WAY SOLUTION, LLP",Kazakhstan - Astana,https://reg.iteca.kz/list/en/detailsfull.aspx?link=0x5e9a37a14ea0fe49a031090b7de381a0,+7 7172 75 50 91,lwsolution@mail.ru,www.lws.kz,,,,+7 777 775 50 91,,,,,
104,"LOGINVEST, LLC",Kazakhstan - Алматы,https://reg.iteca.kz/list/en/detailsfull.aspx?link=0xe59a931dca04bd49ab56621fb69f2cba,+77750071531,info@log-invest.kz,www.log-invest.kz,@log_invest,,+77013046954,+7750071531,,,,,
105,LOGISTA GLOBAL LOJISTIK LTD,Turkey - Istambul,https://reg.iteca.kz/list/en/detailsfull.aspx?link=0x30b735644e532c4a8597b75b053bb01b,+90 216 784 76 76,info@logistaglobal.com,www.logistaglobal.com,,,,,,,,,
106,LOGITRANS LOJISTIK A.S.,Turkey - Istanbul,https://reg.iteca.kz/list/en/detailsfull.aspx?link=0x68770f7e7a76bd4abb529c4d3aefe152,+90 216 660 17 70,contact@logitransport.com,www.logitransport.com,https://www.instagram.com/logitrans_logistics/,https://www.facebook.com/logitransTR,,,,https://www.linkedin.com/company/logitransport,,https://twitter.com/logitrans_tr,
107,"LOGSOFT, LLP",Kazakhstan - Astana,https://reg.iteca.kz/list/en/detailsfull.aspx?link=0x3dd54c91238d9a4e9047d1c7fc701ae2,+7 717 2 799 747,info@logsoft.kz,www.logsoft.kz,@logsoft.kz,,,,,,,,
108,LTG CARGO PART OF LITHUANIAN RAILWAYS GROUP,Lithuania - Vilnius,https://reg.iteca.kz/list/en/detailsfull.aspx?link=0x02a19744f294da4fa7a28e5709584b85,+37052021515,sales@ltgcargo.lt,www.ltgcargo.eu,,,,,,https://www.linkedin.com/company/ltgcargo/mycompany/,,,
109,"LWS TERMINAL, LLP",Kazakhstan - Astana,https://reg.iteca.kz/list/en/detailsfull.aspx?link=0xd6b22ee00482844da992b2567210dee3,+7 777 955 86 04,lwsterminal@mail.ru,www.lwsterminal.kz,,,,+7 777 955 86 04,,,,,
110,SHANDONG LANDBRIDGE INTERNATIONAL TRANSPORTATION CO. LTD.,China - Shandong Qingdao,https://reg.iteca.kz/list/en/detailsfull.aspx?link=0x67095d59f4554e4c9896ec8ce8ec413f,15964276237/18653212021,zhangweina@chinalandbridge.com/ ivy@chinalandbridge.com,www.chinalandbridge.com,,,,,,,,,
111,METROPOLITAN UNIT,Kazakhstan - Astana,https://reg.iteca.kz/list/en/detailsfull.aspx?link=0x3e95ada66672f6448eb9e3289eaff628,+7 700 501 55 77,m.unit.tse@gmail.com,www.metropolitanunit.kz,,,,,,,,,
112,MINISTRY OF TRANSPORT AND COMMUNICATIONS OF THE REPUBLIC OF BELARUS,Belarus - Minsk,https://reg.iteca.kz/list/en/detailsfull.aspx?link=0x8add3be1c2a52c448b155f205effcf61,+375172597952,mail@mintrans.gov.by,www.mintrans.gov.by,,,@mintransbelarus,,,,,,
113,MINOU  LOGISTICS,"China - Xiamen, Fujian",https://reg.iteca.kz/list/en/detailsfull.aspx?link=0xbdaf113ee7800b4e9d44887ae62b6782,+8618559068768,veronica@xmminou.com,www.xmminou.com,minou_logistics,,,+86 18559068768,,linkedin.com/in/veronica-zheng-8a8207103,,+86 18559068768,
114,"MINSK CARRIAGE REPAIR PLANT, JSC",Belarus - Minsk,https://reg.iteca.kz/list/en/detailsfull.aspx?link=0x8a724d51bce89244ac7983124f7f11c9,+ 375 (17) 225 15 44,marketing_mvrz@mail.ru,www.mvrz.by,https://www.instagram.com/mvrzby,,https://t.me/mvrzby,,,,https://www.youtube.com/@user-fo3rg8nf7h,,
115,"MULTI PORT SYSTEMS KZ, LLP",Kazakhstan - Astana,https://reg.iteca.kz/list/en/detailsfull.aspx?link=0x3c81692ebf98874ebf72225ac82873c4,,multiportsystems.kz@mail.ru,,,,,,,,,,
116,NEGABARITIKA,Russia - Белгород,https://reg.iteca.kz/list/en/detailsfull.aspx?link=0x40126e3f3c4adf4da95e9ff3ec794cd5,8 (800) 600-21-75,info@negabaritika,www.negabaritika.ru,https://instagram.com/negabaritika,,https://t.me/negabaritika_new,,,,https://www.youtube.com/channel/UCiAzN_YDQzMYKDvkKe2CgjQ,,VK: https://vk.com/negabaritika
117,NEPTUNE LOGISTICS GROUP,China - Shenzhen,https://reg.iteca.kz/list/en/detailsfull.aspx?link=0x40e4e6674d483549bf9383380665e665,+86 15118828452,wine@nep-logistics.com,www.nep-logistics.com,Neptune Logisitics,,,,,Neptune Logisitics,,Neptune Logisitics,
118,NORDNIX,Lithuania - Klaipeda,https://reg.iteca.kz/list/en/detailsfull.aspx?link=0x27d56e3e184b2b479401d167e40d7713,+37065822997,,www.nordnix.eu,,,,,,,,,
119,NORTH WEST LOGISTICS LLC,Azerbaijan - Baku,https://reg.iteca.kz/list/en/detailsfull.aspx?link=0xb818eca42de05941baa134340fd0f97f,+994554008130,infol@nwlogistics.az,www.nwlogistics.az,,,,,,,,,
120,"NOVA SUPPLY CHAIN MANAGEMENT, LLC",Russia - Moscow,https://reg.iteca.kz/list/en/detailsfull.aspx?link=0x40cf919fc3c4354d99d1d9d1487bf94a,+7 999 867 85 05,smm@novalog.ru,www.novalog.ru,https://instagram.com/nova_scm,,https://t.me/novalog,,,,,,VK: https://vk.com/nova_scm
121,"NOVOTEK PLUS, LLC",Kazakhstan - Aktobe,https://reg.iteca.kz/list/en/detailsfull.aspx?link=0x1566a0c3bd020b40a52a98a88e8e21a7,8(747) 895-53-79,info@ITcargo.kz,www.tk-novotek.ru,,,,89246003850,,,,,
122,NURMINEN LOGISTICS,Finland - Helsinki,https://reg.iteca.kz/list/en/detailsfull.aspx?link=0x31f52fbc89d61a41ac4267f36e0736e0,+4366488865555,internationalsales@nurminenlogistics.com,www.nurminenlogistics.com,,https://www.facebook.com/NurminenL,,,,https://www.linkedin.com/company/nurminenlogistics,https://youtube.com/@nurminenlogistics5767,https://twitter.com/nurminenl,
123,"NURSULTAN NAZARBAYEV INTERNATIONAL AIRPORT, JSC",Kazakhstan - Astana,https://reg.iteca.kz/list/en/detailsfull.aspx?link=0x8a8d24601f48b443aaf1eeb4534ee614,+7 7172 702 999,office@nn-airport.kz; marketing@nn-airport.kz;,www.nn-airport.kz,nqz_airport,Astana Airport,nqzairport,,,astanaairport,,,
124,OOCL LOGISTICS,Russia - Saint-Petersburg,https://reg.iteca.kz/list/en/detailsfull.aspx?link=0x321924049d993b40b891a756589f424a,+7 (812) 335-66-25,olrulsales@oocllogistics.com,www.oocllogistics.com,,,,,,linkedin.com/company/oocl-logistics,https://youtube.com/@OOCLLogistics,,
125,PAKRICHART,Estonia - Tallinn,https://reg.iteca.kz/list/en/detailsfull.aspx?link=0xf30d8aff6d3649469ec3458729c75ff0,+37 25 014364,chartering@pakrichart.com / agency@pakrichart.com,,,,,,,,,,
126,"PANDA FREIGHT FORWARDING CO., LTD",China - Shanghai,https://reg.iteca.kz/list/en/detailsfull.aspx?link=0x289f995b4e8d38488f9ff0e2e05572fc,+86 21 6140 1687,bessie@pandaff.cn,www.pandaff.cn,,,,,,,,,
127,"PARTNERINTERFREIGHT, LLP",Kazakhstan - Almaty,https://reg.iteca.kz/list/en/detailsfull.aspx?link=0x4d944679698f35409755ed4dcb4489a8,+7 (727) 346 87 99,info@piftec.kz,www.piftec.kz,@partnerinterfreight,,,+7 701 070 8798,,,,,
128,PORT KURYK,Kazakhstan - Kuryk village,https://reg.iteca.kz/list/en/detailsfull.aspx?link=0xd0f8590993646c4a8675ed5893c8c157,+7 (7292) 462 475,info@portkuryk.kz,www.portkuryk.kz,,,,,,,,,
129,"PORT LOGISTICS, LTD",Russia - Vyborg,https://reg.iteca.kz/list/en/detailsfull.aspx?link=0x743d1d3cbef3a748b57a3e0279bffae9,8 (81378) 93144,info@portlog.ru,www.portlog.ru,,,,,,,,,
130,PORT OF SILLAMAE (SILPORT),Estonia - Tallinn,https://reg.iteca.kz/list/en/detailsfull.aspx?link=0x5a22b7ed9be89547bf16c9e675605921,405271,silport@silport.ee,www.silport.ee,,,,,,,,,
131,PORT OF TALLINN,Estonia - Tallinn,https://reg.iteca.kz/list/en/detailsfull.aspx?link=0xe27637541a2cbc4987128765cce85b21,+372 6318555,portoftallinn@portoftallinn.com,www.ts.ee,https://www.instagram.com/tallinna_sadam/,https://www.facebook.com/portoftallinn,-,-,-,https://www.linkedin.com/company/port-of-tallinn/,https://www.youtube.com/user/portoftallinn/videos,-,VK: -
132,"PTC HOLDING, LLC",Kazakhstan - Astana,https://reg.iteca.kz/list/en/detailsfull.aspx?link=0xaafd5176078ec948a110d78c06ceca04,+7 (7172) 277-237,info@ptc-holding.kz,www.ptc-holding.kz,,https://www.facebook.com/ptcholding.kz,https://t.me/ptcholding,,,https://www.linkedin.com/company/79041768/admin/,,,
133,PTK PRIORITET. LLC,Russia - Maloyaroslavets,https://reg.iteca.kz/list/en/detailsfull.aspx?link=0xf9901598cc2e8940a16b4467fdf54c40,+79106040808,bratchuk@rusklad.ru,www.rusklad.ru,,,,,,,,,
134,QAZAQ MARITIME PARTNER LLP,Kazakhstan - Almaty,https://reg.iteca.kz/list/en/detailsfull.aspx?link=0xff157c7327358f4890c4b2c436036888,+77273566868,info@forwarder.kz,www.cls-international.com,cls_international_group,CLS International,,,,CLS International,,,
135,"QINGDAO AODA INDUSTRIAL CO., LIMITED",China - Qingdao,https://reg.iteca.kz/list/en/detailsfull.aspx?link=0x9bbddadaddc78247a764261b1c4d368d,0532-83625888,judy@sinorail.biz,,,,,,,,,,
136,QINGDAO FENGTIE INTERNATIONAL LOGISTICS CO. LTD.,"China - Qingdao, Shandong Province",https://reg.iteca.kz/list/en/detailsfull.aspx?link=0x9f100905b6d7ed44972eed92c0f8091d,0086-0532-58871271,liyanan@f-railway.com,www.f-railway.com,,,,15154269375,,,,,
137,"RECON-AKTAU, LLP",Kazakhstan - Aktau,https://reg.iteca.kz/list/en/detailsfull.aspx?link=0x2df186fe9f2d8744b30ba74ecb76c2f3,"+7 (7292) 54-43-15, 54-42-14",office@recon-aktau.kz,www.recon-aktau.kz,https://www.instagram.com/reconaktau.kz/?igshid=MzRlODBiNWFlZA%3D%3D,https://www.facebook.com/costeffectiverecon/,,+77712217921,,https://www.linkedin.com/company/19110387/admin/settings/,https://www.youtube.com/@user-tt2zn5jy9z/about,,
138,"RHENUS INTERMODAL SYSTEMS, LLP",Kazakhstan - Almaty,https://reg.iteca.kz/list/en/detailsfull.aspx?link=0x7374a55ff556834d9f92f64ce716e6dd,8 (727) 3560056,salesala@kz.rhenus.com,www.rhenus.group,,,,,,,,,
139,RIGA AIRPORT,Latvia - Riga,https://reg.iteca.kz/list/en/detailsfull.aspx?link=0x04db620d6834fc4582d8b7576c5e4ad6,+371 67207135,office@riga-airport.com,www.rixairportcity.com,,,,,,,,,
140,RTSB GMBH,Germany - Friedrichsdorf,https://reg.iteca.kz/list/en/detailsfull.aspx?link=0x041589b8d48051428a933d162bd7e906,+49 (0)617259080,sales@rtsb.de,www.rtsb.group,,,,,,https://www.linkedin.com/company/rtsb-gmbh/,,,
141,"RW CARGO, LLP",Kazakhstan - Almaty,https://reg.iteca.kz/list/en/detailsfull.aspx?link=0x12f7a3967b4b6241b219c8c58a97bfe9,+7 701 419 14 13,rwcargo@rwcargo.kz,www.rwcargo.kz,,,,,,,,,
142,"RZD LOGISTICS, JSC",Russia - Moscow,https://reg.iteca.kz/list/en/detailsfull.aspx?link=0x71c015020bd4044289cae86c82366b63,+7 (495) 988 68 68,info@rzdlog.ru,www.rzdlog.ru,,,https://t.me/rzdlogistics,,,,,,VK: https://vk.com/rzdlogistics
143,SARA LOGISTICS AZERBAIJAN,Azerbaijan - Baku,https://reg.iteca.kz/list/en/detailsfull.aspx?link=0x76d7c196aa79ba47b9c4444fbaa91cbe,+994124040400,info@saralogistics.az,www.saralogistics.az,https://www.instagram.com/sara.logistics/,https://www.facebook.com/saralogisticsllc/,,+994512308808,,https://az.linkedin.com/company/sara-logitics?trk=public_post_reshare_feed-actor-name,https://www.youtube.com/@saralogisticsazerbaijan8243,,
144,SARENS KAZAKHSTAN LLP,Kazakhstan - Atyrau,https://reg.iteca.kz/list/en/detailsfull.aspx?link=0x90b45a0d0285a049aa327c45906c3c7a,+77122763426,info@sarens.kz,www.sarens.com,sarensofficial,,,,,Sarens,,,
145,"SCAT, AIR COMPANY JSC",Kazakhstan - Shymkent,https://reg.iteca.kz/list/en/detailsfull.aspx?link=0x1d7b4ed9099c654fa6dfede5035cff03,+7 (7252) 99 88 80,,www.scat.kz,,,,,,,,,
146,SCIENTIFIC-RESEARCH INSTITUTE OF TRANSPORT AND COMMUNICATIONS LLP (NII TK),Kazakhstan - Almaty,https://reg.iteca.kz/list/en/detailsfull.aspx?link=0xe42bd8face14164dadbf15aded58b276,+7 727 355 77 00,niitk@niitk.kz,www.niitk.kz,,,,,,,,,
147,"SEA & RAIL LINK LOGISTICS (DALIAN) CO., LTD.",China - Dalian,https://reg.iteca.kz/list/en/detailsfull.aspx?link=0x2ef5bd4699fbb841afa053e1f13d9901,+86-0411-8673 6888,jason.wen@srl-dl.com,www.srl-dl.com,,,,+86 139 0411 9808,,,,,
148,SEA PORT OF AKTAU,Kazakhstan - Aktau,https://reg.iteca.kz/list/en/detailsfull.aspx?link=0x34f69395e93eba41acd2357a116c5597,+77292445100,aktauport@aktauport.kz,www.portaktau.kz,aktauport_official,Актауский Морской Торговый Порт,,,,,,,
149,SEGEZHA GROUP,Russia - Moscow,https://reg.iteca.kz/list/en/detailsfull.aspx?link=0x2ec8195b50b1ff46a73e0b8fa87702ae,+7 (499) 962 82 00,infoply@segezha-group.com,www.segezha-group.com,,,https://t.me/segezhagroup,,,,,,VK: https://vk.com/segezhagroup
150,"SEMSOT DOROG, TRANSPORT COMPANY, LLC",Russia - Naberezhnye Chelny,https://reg.iteca.kz/list/en/detailsfull.aspx?link=0x86fbe065d4200d4a91afb28c5a4d6b63,+7(8552) 917-700,mail@700dorog.ru,www.700dorog.ru,www.instagram.com/700dorog/,,t.me/semsotdorog,,,,www.youtube.com/@user-jx2wq3ov3z,,VK: vk.com/id324632334
151,SEVENR LOGISTICS,Kazakhstan - Almaty,https://reg.iteca.kz/list/en/detailsfull.aspx?link=0x1150be217fc6144f9c91be0f63dc367a,"+7 (727) 339-45-89, 339-45-99",sales@7-r.org,www.7-r.org,oxana_sorokina_7r,,,,,,,,
152,"SHAANXI FURTHER STRATEGY SUPPLY CHAIN MANAGEMENT CO.,LTD.","China - Xi'an, Shaanxi",https://reg.iteca.kz/list/en/detailsfull.aspx?link=0xc32c4f3ee3b96a48afc2110296310df0,+8615877554434,sales@fsscm.cn,www.fsscm.net,,,,,,,,,
153,"SHENZHEN LI-TRANS INTERNATIONAL LOGISTICS CO.,LIMITED",China - Shenzhen,https://reg.iteca.kz/list/en/detailsfull.aspx?link=0xb1a8750903539b46b354d71eb38834a6,19854485105,774764870@qq,,,,,+8614704835446,+8619854485105,,,,
154,"SHENZHEN SUNSHINE INTERNATIONAL LOGISTICS CO., LTD",China - Shenzhen,https://reg.iteca.kz/list/en/detailsfull.aspx?link=0x4df0dc009634df4bbc3c5ec15c22f478,CHN-5840-13510865821,info@sun-logistic.com,www.sun-logistic.com,,,,,,,,,
155,"SHENZHEN YEEHO TRANS SUPPLY CHAIN MANAGEMENT CO., LTD",China - Guangdong Shenzhen,https://reg.iteca.kz/list/en/detailsfull.aspx?link=0x6f2113e57bc2d3448677e28397883d6f,0086-15817243465,sherry@yeehotrans.com,www.yeehotrans.com,sherryxie20,,,0086 15817243465,,,,,
156,"SHYNGAR TRANS, LLP",Kazakhstan - Алматы,https://reg.iteca.kz/list/en/detailsfull.aspx?link=0xd919d6a7c28f66438c345919189ef215,87273410041,info@shyngar.kz,www.stlc.kz,shyngar_trans,,,8 778 444 08 08,,,,,
157,"SIGIS, SIA",Latvia - Riga,https://reg.iteca.kz/list/en/detailsfull.aspx?link=0x1aa7e31170e9a0408af606d6160659bc,(+371) 67792004,sigis@sigis.lv,www.sigis.lv,,,,,,,,,
158,SILSTEVE AS,Estonia - Sillamae,https://reg.iteca.kz/list/en/detailsfull.aspx?link=0x0d0f2ea2f4228b46b5349ef0d5e63ed9,+372 3929 200,silsteve@silsteve.ee,www.silsteve.ee,,,,,,,,,
159,"SINARA TRANSPORT MACHINES, LTD",Russia - Moscow,https://reg.iteca.kz/list/en/detailsfull.aspx?link=0x07e94ebd0b1e92408436f8d921d0fec1,+7 495 258 71 64,CTM@sinara-group.com,www.sinaratm.ru,,,,,,,,,
160,"SKINEST RAIL, AS",Estonia - Tallinn,https://reg.iteca.kz/list/en/detailsfull.aspx?link=0x3471be442425814e85fcfa9178607277,+3726788070,info@skinest.ee,www.skinest.eu,,,,,,,,,
161,SMARTLOG,Kazakhstan - Astana,https://reg.iteca.kz/list/en/detailsfull.aspx?link=0x7645fcf60031da4f981e01ef0c2aca06,+7 717 257 65 25,"kz@smtlog.com, info@smtlog.com",www.smtlog.com,https://www.instagram.com/smartlog.tr/,https://www.facebook.com/SmartLog.Transportation,,+7 701 100 9122,,https://tr.linkedin.com/company/smartlog-company,,,
162,SONGER LTD,Russia - Saint-Petersburg,https://reg.iteca.kz/list/en/detailsfull.aspx?link=0x31c02bb10565e9459584ad74500b1d4b,+7 (812) 416 48 30,sale@snrbros.com,www.snrbros.com,,,,,,,,,
163,SPEDILTA,Lithuania - Vilnius,https://reg.iteca.kz/list/en/detailsfull.aspx?link=0x04788a3ff5300f4cb3caf0c6a76b4d20,+37068852780,d.cuplinskas@spedilta.lt,,,,,,,,,,
164,"STA LOGISTIC KAZAKHSTAN, TOO",Kazakhstan - Almaty,https://reg.iteca.kz/list/en/detailsfull.aspx?link=0x8ea682c37d637c439909e716f43abd0d,+7 727 312 34 24,sta@stalogistic.com,www.stalogistic.com,https://www.instagram.com/stalogistic.insta/,https://www.facebook.com/STALOGISTIC/,https://t.me/stalogistic,,,https://www.linkedin.com/company/stalogistic/,https://www.youtube.com/channel/UCi0PRnr2OIEgu91j17RFOXg,,VK: https://vk.com/public211576429
165,"SHENZHEN TOPS RAIL INTERNATIONAL TRANSPORTATION CO., LTD.",China - Shenzhen,https://reg.iteca.kz/list/en/detailsfull.aspx?link=0x3f70779d6ca4e943a5819c0e57346d51,+86-755-83553003,info@topsrail.com,www.topsrail.com,,,,8613510384001,,,,,
166,"TANG-NUR LOGISTICS GROUP, LLC",Kazakhstan - Almaty,https://reg.iteca.kz/list/en/detailsfull.aspx?link=0x2765338a00f2ac45b099a18d66da884d,+77712288318,n.tleubaeva@tang-nur.com,www.tang-nur.com,https://www.instagram.com/tangnur_logistics_group/,https://www.facebook.com/profile.php?id=100090776784938,,https://wa.me/77712288318,,,https://www.youtube.com/@TangNurlogisticsGroup,,VK: https://vk.com/tangnurlogistic
167,"TEHAUTO, THE GROUP OF COMPANIES",Kazakhstan - Ust-Kamenogorsk,https://reg.iteca.kz/list/en/detailsfull.aspx?link=0x16774df0202dc346a5e15beadda7d2de,+772327009007777,websales@tehauto.com,www.tehauto.kz,tehauto.group,,,87052160038,,,https://www.youtube.com/@group_tehauto,,
168,"TELS CARGO, LTD",Russia - v. Kamenka,https://reg.iteca.kz/list/en/detailsfull.aspx?link=0x664150d4a778034c89b7dee8faf8898f,+7 4812 268 328,telscargo@telscargo.ru,www.telscargo.ru,https://www.instagram.com/telscargo/,https://www.facebook.com/telscargo,,,,https://www.linkedin.com/company/tels-cargo/,,,VK: https://vk.com/tels_cargo
169,"TEMIRTRANSSERVICE, LLP",Kazakhstan - Astana,https://reg.iteca.kz/list/en/detailsfull.aspx?link=0x12328860e10be84a84cceaa63ecfb9a0,8(7172)61-06-26; 8 771 055 31 94,akru1508@gmail.com; temirtransservice@mail.ru,www.ttservice.kz,@temirtransservice,,,,,,,,
170,TENGRI TECHNOLOGIES,Kazakhstan - Pavlodar,https://reg.iteca.kz/list/en/detailsfull.aspx?link=0x18333475ef080a49a68dd2dd25bbf93b,+7 (7182) 31-42-98,tengri.technologies@mail.ru,,,,,,,,,,
171,TERMINAL K,Russia - Saint-Petersburg,https://reg.iteca.kz/list/en/detailsfull.aspx?link=0xc5969e0fdd9fef47b9d20182a212b443,+7(812)4099055,operations@terminal-k.net,www.terminal-k.net,,,,,,,,,
172,"TERRA INCOM, ODO",Belarus - Minsk,https://reg.iteca.kz/list/en/detailsfull.aspx?link=0x6f148ed2303b184d9868919310390a25,+375 17 391 07 31,terraincom@mail.ru,www.terraincom.by,,,,,,,,,
173,"TEUSTAT, LTD",Russia - Moscow,https://reg.iteca.kz/list/en/detailsfull.aspx?link=0x7d629a7c9979de4881f136948ba4f29a,8 800 201 15 77,info@teustat.ru; teu@teustat.ru,www.teustat.ru,,,https://t.me/teustat,,,,,,VK: https://vk.com/teustat
174,TLNIKA GROUP,Lithuania - Vilnius,https://reg.iteca.kz/list/en/detailsfull.aspx?link=0x4e7805c7c70c194b8114565436083a14,+37065528269,justinas@tlnika.lt,www.tlnika.lt,https://www.instagram.com/tlnika_kz/,,,+37065528269,,https://lt.linkedin.com/company/tlnikagroup,,,
175,TLO GMBH INTERNATIONALE SPEDITION,Germany - Dornstadt,https://reg.iteca.kz/list/en/detailsfull.aspx?link=0xd5d207d9d9a99d44996e104d4a2282a7,+491636455946,gleyberman@tlo-gmbh.com,www.tlo-gmbh.com,https://www.instagram.com/tlo_gmbh/?hl=de,https://www.facebook.com/profile.php?id=100067751801151,,,,,,,
176,TLSC UAB,Lithuania - Klaipeda,https://reg.iteca.kz/list/en/detailsfull.aspx?link=0x4cf5422bd3179b4d9c624d2e8b3f3026,+37060474936,info@tlsc.lt,www.tlsc.lt,,https://www.facebook.com/tlsc.lt,,,,https://www.linkedin.com/company/tlsc-uab,,,
177,TORGMOLL,China - Shanghai,https://reg.iteca.kz/list/en/detailsfull.aspx?link=0x87316832ec3c2f4f8434d31254c109ff,+862155822161,emil@torgmoll.com,www.torgmoll.com,,,,+8613052301201,,,,,
178,"TRADE HOUSE TTS, LLP",Kazakhstan - Astana,https://reg.iteca.kz/list/en/detailsfull.aspx?link=0xffde1b1d6976e246ae660e5c03534fa0,+7 (7172) 61 05 44,too_td_ttc@mail.ru,,,,,,,,,,
179,"TRANS SINERGIA, LLC",Russia - Moscow,https://reg.iteca.kz/list/en/detailsfull.aspx?link=0xf1ac26059b117f409902e7f82c0178dc,+74952690454,info@transsin.ru,www.transsin.ru,trans_sinergia,,https://t.me/transsinergia,,,,https://www.youtube.com/channel/UCS6x3rE_3TI-n7TXof0f8dg,,
180,"TRANSASIA TRANSPORT INTERNATIONAL LOGISTICS CO.,LTD",China - Shenzhen,https://reg.iteca.kz/list/en/detailsfull.aspx?link=0x7ce6f861ba907b4cbfa4be13a14bc68e,+( 86 )18923750210/+( 86 )-755-23930023,Julie.zhou@transasiatransport.com,www.transasiatransport.com,,,,,,,,,
181,"TRANS-CASPIAN INTERNATIONAL TRANSPORT ROUTE, THE INTERNATIONAL ASSOCIATION",Kazakhstan,https://reg.iteca.kz/list/en/detailsfull.aspx?link=0x9ad3e3d095b69342acf3fea1bd4a76d8,+77171571846,info@tmtm.kz,www.middlecorridor.com,,,,,,,,,
182,"TRANSCOM, LLP",Kazakhstan - Almaty,https://reg.iteca.kz/list/en/detailsfull.aspx?link=0xc68085909157aa4eadb3467c61829eb3,+7 (727) 333-18-56,info-tc@erg.kz,www.transcom.kz,transcom_erg,Transcom.ERG,,+77017810616,,,,,
183,"TRANSCONTAINER, PJSC",Russia - Moscow,https://reg.iteca.kz/list/en/detailsfull.aspx?link=0x100ce65ee6aefc469bddfecd8acc9a69,+74957881717,trcont@trcont.com,www.trcont.com,,,Главный по контейнерам,,,,,,VK: https://vk.com/public211966874
184,"TRANS-EUROPEASIA LOGISTICS CO,LTD.",China - Xiamen,https://reg.iteca.kz/list/en/detailsfull.aspx?link=0x6dc6c56e805a2f44bf24b8866d742c90,13714587423,igor@trans-europeasia.com,www.trans-europeasia.com,,,,+86 13714587423,,,,,
185,TRANSGROUP SYSTEMS L.P.,Uzbekistan - Tashkent,https://reg.iteca.kz/list/en/detailsfull.aspx?link=0xd89aefe0a223da4bb9137bf6521f0576,+99871 2312424,info@trans-group.org,,,,,,,,,,
186,"TRANSMASHHOLDING, JSC",Russia - Moscow,https://reg.iteca.kz/list/en/detailsfull.aspx?link=0xf26a595160b2b94fae68cd9164771b34,+74956608950,info@tmholding.ru,www.tmholding.ru,,,https://t.me/tmh_global,,,,,,VK: https://vk.com/tmh_official
187,"TRANSSYSTEM, LLP",Kazakhstan - Almaty,https://reg.iteca.kz/list/en/detailsfull.aspx?link=0xaacfec8455d01545b08df6ee6672f686,+77273750505,info@transsystem.com.kz,www.transsystem.com.kz,,,,,,,,,
188,"XIAMEN TRANS-CHINA LOGISTICS CO.,LTD.",China - Xiamen,https://reg.iteca.kz/list/en/detailsfull.aspx?link=0x228ad598414884478b9953eb21f693c8,+86-592-6021749,market06@trans-china.com,www.trans-china.com,,,,,,,,,
189,"ULEX, LLP",Kazakhstan - Almaty,https://reg.iteca.kz/list/en/detailsfull.aspx?link=0xb2de356d9671674fa9625d0c7b2447a3,+7 727 311 08 31,info@ultrans.kz,www.ultrans.kz,,,,,,,,,
190,"UNEXIM TRADE, LLC",Kazakhstan - Almaty,https://reg.iteca.kz/list/en/detailsfull.aspx?link=0xccad92409d101e4d8eb1301e953d504b,+77273410121,info@uneximtrade.kz,www.uneximtrade.kz,,,,,,,,,
191,"UNICO KAZAKHSTAN, LLP",Kazakhstan - Almaty,https://reg.iteca.kz/list/en/detailsfull.aspx?link=0x5cef61cd30b84c4f95e11cdf37692779,+7 /727/ 323-67-68,sales.kz@unicologx.com,www.unicologx.com,,,,,,,,,
192,"UNITED WAGON COMPANY, RPC, PJSC",Russia - Moscow,https://reg.iteca.kz/list/en/detailsfull.aspx?link=0xa4b07adea20ef8448b4c8aed0454c02a,+7 (499) 999-1520,info@uniwagon.com,www.uniwagon.com,,,https://t.me/uniwagon,,,,https://www.youtube.com/UnitedWagonCompany,,
193,"USM LOGISTICS, LLP",Kazakhstan - Almaty,https://reg.iteca.kz/list/en/detailsfull.aspx?link=0x3d3130d2a8f620478d47d8eaa287a7f4,+7 (727) 229 65 11,info@usmlogistics.kz,www.usmlogistics.kz,usm_logistics,,,,,,,,
194,"UTLC ERA, JSC",Russia - Moscow,https://reg.iteca.kz/list/en/detailsfull.aspx?link=0x2a2c98040dd5ce4fbd72da92784a4bcb,+7 495 995-95-91,utlc@utlc.com,www.utlc.com,,,https://t.me/utlcera,,,,,,
195,"VICTORY-TRANS, LLP",Kazakhstan - Karaganda,https://reg.iteca.kz/list/en/detailsfull.aspx?link=0x5c6294b46222fe4da1b3f75191e83a98,+7 7212 50-55-88,info@victory-trans.kz,www.victory-trans.kz,@victory__trans,,,,,,,,
196,"WAGON SERVICE, LLP",Kazakhstan - Astana,https://reg.iteca.kz/list/en/detailsfull.aspx?link=0x7ac20c799bdbf841ad7f59965bc71bf1,87011777555,Vagon.s01@mail.ru,,,,,,,,,,
197,WORLD JAGUAR LOGISTICS INC,China - Qingdao,https://reg.iteca.kz/list/en/detailsfull.aspx?link=0x90f2f87aeb4c724a9a21957290cd0e2a,+86-0532-68997888,multimodal-cis@worldjaguar.com,www.en.worldjaguar.com,,,,,,,,,
198,"YES LOGISTICS, LLP",Kazakhstan - Taldykorgan,https://reg.iteca.kz/list/en/detailsfull.aspx?link=0xc9d8d236a146be45a71e970978bd5aa6,+7 705 888 9292,d.rahimbekova@yeslog.kz,,,,,,,,,,
199,ZAGROS TRUCK,Kazakhstan - Almaty,https://reg.iteca.kz/list/en/detailsfull.aspx?link=0xca663f6c316d9f42bb188d278800736b,+7 (701) 6630812,zagros.truck@mail.ru,www.zagros-truck.kz,zagros_truck,,,+7 701 663 0812,,,,,
200,CASPIAN INTEGRATED MARITIME SOLUTIONS,Kazakhstan - Astana,https://reg.iteca.kz/list/en/detailsfull.aspx?link=0xde0d0fa72326bc44833496fa1c6525a2,+77172916001,office@caspianims.com,www.caspianims.com,,,,+77054711113,,,,,
201,TALLSHIP,Estonia - Tallinn,https://reg.iteca.kz/list/en/detailsfull.aspx?link=0x732916d2182b7143aef7cd75bba675b8,+3726273530,logistics@tallship.ee,www.tallship-cargo.com,,,,,,,,,
